Big Bird,1,Sesame Street,Fakeville,12345
Melody Little,2,62754 Melissa Freeway Apt. 915,New Glen,37989
Jessica Boyd,3,260 Katherine Terrace Apt. 360,East Michellefort,69338
Cory Garza,4,9920 Jones Lock,West Paulton,14616
Ashley Bishop,5,472 Julie Radial Apt. 147,North Julieshire,74353
Patricia Mccann,6,38858 Johnson Radial Suite 095,Danatown,60022
Sean Smith,7,13705 Gilbert Corners,Jonestown,15967
Kevin Downs,8,5848 Cassandra Path,Port Karenland,53556
Elizabeth Fisher,9,095 Rodriguez Ramp Suite 194,Lake Chelseafurt,05539
Jamie Bender,10,8094 Michael Roads,Brianshire,06462
Nathan Frazier,11,3331 Cruz Via Suite 636,New Meredithtown,28903
Mary Mendoza,12,98744 Jean Coves Apt. 546,Andersonfort,88149
Joan Adams,13,9618 Lindsey Highway,Mathistown,77592
Emily Parsons,14,40704 Wendy Meadow Suite 217,Gabriellemouth,04314
Greg Hodges,15,4177 Jonathan Mission,Bryantown,42738
Melanie Lynch,16,82731 Moore Shore,Leslieport,37864
Bryan Fernandez,17,2574 Heather Mount Apt. 024,Toniview,49123
Dennis Whitaker,18,32522 Anna Lights,Lake Jesse,41379
Valerie Martin,19,3600 Delacruz Isle Apt. 614,Prestonbury,82082
Danielle George,20,0187 Charles Hills Apt. 428,Port Tamarafurt,70695
Robert Bush,21,51372 Nguyen Stravenue Apt. 389,South Michelle,87814
Luis Brewer,22,65524 Amber Ferry,Port Elaineton,37756
Melissa Williams,23,4574 Natalie Bridge,Ryanview,18418
Brandon Taylor,24,3198 Andrea Trafficway,Ralphmouth,10367
Jennifer Sharp,25,3884 Silva Tunnel Apt. 716,Lake Alexisburgh,22206
Jeremy Edwards,26,81793 Jessica Isle Suite 766,Port Stevenside,08752
Cathy Ramirez,27,4719 Jeffrey Key,Ortegahaven,82795
Jennifer Price,28,8512 Burns Avenue Suite 938,Andersenhaven,47527
James Mitchell,29,97734 Martin Way Apt. 159,Lake Matthew,07216
Betty Foley,30,4258 Jones Locks,Williamborough,75240
Lisa Adams,31,238 Myers Lights Suite 164,Port Ronald,87328
Laura Wheeler,32,6238 Glass Parkways,Barronstad,18257
Ashley Gross,33,712 Sheila Track Suite 534,Simmonston,42520
Emily Carey,34,3017 Timothy Shoals Apt. 437,East Danielmouth,49749
Rebecca Johnson,35,5986 Susan Ways,Ericton,89635
Natalie Boyd,36,866 Rios Spring,Port Katelynville,07522
Pamela Miller,37,2394 Thompson Forge,North Tammyfurt,83726
Donald Gentry,38,8987 Hancock Land Suite 167,Alejandrashire,44903
Teresa Miller,39,250 Hunter Square,Lake Shelly,96065
Alexandra Phillips,40,828 Brenda Glen Apt. 971,Michelleshire,90606
Timothy Williams,41,2145 Washington Rue,South Emily,95508
Brandy Rodriguez,42,0607 Watson Well Apt. 986,Karenborough,17536
Chase Wilkinson,43,4236 Brian Extensions,Russellshire,53095
Nicole Koch,44,28160 Randall Junctions,Alexanderhaven,72188
Dawn Mathis,45,57154 Krueger Parkways,Toddtown,34830
Morgan Cortez,46,044 Howard Bridge Suite 751,Lake Loribury,23135
Matthew Joseph,47,02707 Lindsey Cliff Suite 576,Lake Willietown,81832
Christopher Henry,48,952 Alexander Coves Apt. 768,South Danielburgh,77491
Alexandria Jackson,49,935 Maria Springs,New Nicholas,64498
Sara Turner,50,1718 Andre Ford,New Russell,63703
Katrina Greene,51,990 Eaton Mission,Jacobshaven,66065
Michael Beltran,52,2769 Nathan Field Suite 360,South Scottberg,94707
Carrie Cortez,53,788 Torres Row,Wallaceshire,06170
Angela Valdez,54,6244 Shannon Lane Apt. 079,West Stephenstad,67979
Linda Garcia,55,29858 Meyer Meadow Suite 406,South Jacqueline,88743
Meghan Miller,56,61616 Kelly Club,Port William,89673
Joshua Kennedy,57,973 Walls Camp Apt. 623,West Robintown,84087
Barry Lopez,58,5261 Zachary Knoll Suite 406,Cartertown,66731
Steven Stanley,59,63292 Martinez Stream,New Nathan,76787
Travis Smith,60,205 Anthony Gateway,East Kennethstad,14822
Alejandro Horne,61,04072 Rick Harbor,Brandonmouth,35998
Lauren Rhodes,62,958 Juan Shores Suite 030,New Johnland,25090
Alexander Harris DDS,63,8017 Carter Crescent Apt. 394,West Rachelmouth,44585
Rhonda Phillips,64,264 Davis Lake,South Brandonchester,20869
Andrew Young,65,38548 Thompson Mountain,East Lisa,21006
Joseph Jimenez,66,27149 Holloway Mission Apt. 165,Ashleyborough,45443
John Howell,67,563 Christopher Cliffs,Stephenland,36300
Jessica Cox,68,52399 Nelson Spur Apt. 787,North Brianview,92118
Steven Hicks,69,06814 Scott Forge Suite 830,Woodhaven,75861
Mrs. Brianna Webb,70,57633 Byrd Mews,Bautistaburgh,67243
Morgan Serrano,71,90808 Huerta Lights,Andreaview,49598
Brandon Randall,72,9695 Warren Corner,Shannonmouth,61645
Jared Christensen,73,08771 Anita Rest,New Danielton,34389
Vicki Kelly,74,21220 Jennifer Mount,Kelseybury,37980
Angela Boyd,75,534 Samuel Green Suite 066,Jocelynmouth,97382
Mr. Richard Raymond,76,7056 Roberts Mews,East Kevinmouth,47126
Stephanie Johnson,77,318 Heath Motorway Apt. 396,Gregorymouth,79464
Megan Hines,78,7175 Cheryl Gardens Apt. 449,West Stephenhaven,65774
Jessica Thompson,79,859 Bishop Turnpike Suite 545,North Robertside,28265
Danielle Wilson,80,2724 Andrea Fall,Mooreside,12083
Stephen Hodge,81,87811 Darlene Pass,West Kennethton,18735
Beverly Rivera,82,18425 Evans Lane,North Ryan,18929
Sherry James,83,4330 Savannah Cove,Port Billy,63655
Alexandra Allen,84,55181 Mary Mill,New Karamouth,88039
Bobby Dalton,85,18745 Cruz Drive,New Erin,84064
Christy Crawford,86,2900 Robin Dale Apt. 308,Racheltown,47023
Kyle Peters,87,68413 Janet Flats,Brightshire,38842
Evan Thomas,88,608 Mccullough Court Suite 155,Kirstenport,69661
Laurie Lopez,89,2440 Michelle Path Suite 645,East Ashleyfurt,06378
Gregory Baker,90,244 Mary Locks,Stephanietown,82900
Amy Moore,91,8844 Pittman Lake,West Jordan,91485
Donna Wells,92,47620 Davis Fort,New Arthur,15576
Megan Wood,93,9290 Lucas Plaza Apt. 502,West Johnton,66870
John Miller,94,74317 Schmidt Points,Lake Sandyfurt,39780
Amber Stanley,95,47268 Yates Motorway,Adamsfort,76101
Stephanie Sellers,96,609 Samantha Station Apt. 623,Matthewsshire,95350
Kim Moore,97,72251 Nichols Terrace Apt. 170,West Jamiebury,46820
Dawn Miller,98,6363 Griffith Hills Suite 944,Amyton,40457
Felicia Evans,99,38454 Kirk Expressway Apt. 375,Port Steven,39440
Gabriella Nguyen,100,74899 Daniel Brook Suite 743,Bethfort,26945
Brad Bradshaw,101,9199 Newman Forge Suite 275,Loganbury,40184
Kayla Case,102,24111 Steven Forks Apt. 802,West Carlyshire,51028
Diane Barrera,103,699 Michelle Harbors,Cervantesport,55233
Tiffany Hoffman,104,06814 Michelle Bridge Suite 556,New Kimberlymouth,13601
Leslie Zhang,105,005 Thomas Knolls Apt. 925,East Vanessa,56869
Harold Turner,106,60964 John Crest,East Brittany,60087
Donna Mullins,107,24758 Carlos Bypass Suite 535,East Eric,38679
Elizabeth West,108,0348 Parker Pike,East Austin,01011
Chelsey Schwartz,109,571 Angela Station,Turnerchester,77111
Nancy Anderson,110,06157 Amber Lodge Suite 071,New William,04772
Jake Hubbard,111,945 Bonnie Island Apt. 680,Rodriguezville,76685
Kevin Bryan,112,195 Nicole Shore Apt. 330,Johnfurt,43630
Robert Carter DDS,113,258 William Street Apt. 160,Jameston,19113
Dr. Joseph Lawrence,114,7975 Jennifer Meadow Apt. 574,East Michaelport,73490
Paul Jones,115,52551 Elizabeth Vista Suite 117,Richardstad,83855
Jasmine Park,116,0286 Yoder Road,East Nicholeshire,43408
Christopher Smith,117,951 Carla Neck,Marcusbury,49498
Jessica Ochoa,118,32230 Victoria Mews Apt. 197,West Heatherton,74275
Matthew Wilkerson,119,1514 Patterson Crossroad,Lake Justinbury,45006
Kathleen Austin,120,63817 Kelly Forks Suite 565,South Carolynland,73488
Michael Wilkins,121,105 Eric Circle,North Courtney,20070
Margaret Lane,122,1222 Diana Ports,Stephanieberg,21923
Gloria Dixon,123,804 Thornton Glens Suite 205,Jeffreyberg,27243
Steven Ward,124,6258 Barnett Station Apt. 538,Waltersport,55522
Timothy Sharp,125,8813 Everett Curve Apt. 757,Marissafort,57255
Douglas Weaver,126,0721 Dawn Drives,Mariebury,98186
Michael Stein,127,4932 Kayla Terrace,Larryburgh,57332
April Conley,128,737 Sandra Mount Apt. 543,South Heatherview,14047
Jonathan Osborne,129,1010 Eric Trafficway,Leemouth,80054
Lindsay Stevenson,130,202 Scott Path Suite 136,Burnettbury,99930
Christina Peters,131,692 Joseph Bypass,Port Adrian,16645
Dominique Williams,132,0222 Khan Rue,Andrewmouth,86922
Jillian Larson,133,922 Caitlin Drive,Mendozabury,36400
Kevin Davis,134,63266 Abbott Meadow Suite 650,Dakotaburgh,89488
Melissa Warren,135,9437 White Glen Suite 777,New Stevenside,17729
Daniel Morgan,136,6545 James Spur Apt. 918,Tylerburgh,85718
Stacey Ford,137,2984 Melissa Stream,Port Johnberg,55788
Shelby Patton,138,88135 Richardson Run,New Robertmouth,07967
Dakota Norman,139,01647 Carrie Creek,Port Carriemouth,26883
Nicole Willis,140,722 Peterson Motorway Apt. 088,Lake Paulburgh,16787
Dawn Cortez,141,82885 Troy Stravenue Suite 806,North Hannahfurt,97227
Dorothy Watson,142,92201 David Islands Apt. 742,Port Jenniferview,38496
Elizabeth Hamilton,143,6608 Danny Burgs Suite 206,West John,57801
Austin Daniel,144,55469 Ian Port,Bishopshire,10013
Todd Brown,145,738 Hendrix Way,South Maurice,39528
Zachary Moore,146,9857 Cuevas Views Suite 499,Timothychester,80209
Jamie Hernandez MD,147,15022 Frances Viaduct,New Kennethland,39064
Morgan Greer,148,120 Ashley Forges Suite 235,Nicolehaven,27372
Ronald Peterson,149,15298 Curtis Stravenue Suite 240,New Karaview,90976
Alexander Booth,150,833 Clinton Wells Suite 811,West Jerryville,13688
Jessica Patton,151,844 Yu Courts,Phamside,36409
Carla Mccullough,152,242 Kevin Mill,South Zacharyport,28909
Phillip Williams,153,695 Lewis Burgs,West Jeffrey,43539
Francisco Frost,154,44627 Peter Drive,Smithtown,89878
Jessica Hicks,155,99400 James Manors Suite 320,Charlesfort,49513
Edward Luna,156,348 Nicole Rest,Maldonadotown,38401
Amber Davis,157,0754 Vargas Station,Rebeccafurt,75987
Matthew Edwards,158,780 Sydney Inlet Suite 855,Jenniferberg,15696
Mr. Alex Stewart,159,6957 Chad Shoal Suite 019,Mcgrathchester,88954
Erik Jackson,160,698 Combs Dam Suite 258,North Toddshire,63688
Ethan Ramirez,161,1913 King Fords,North Jamesshire,09539
Ronald Lawrence,162,26157 Baker Ridges Suite 718,Lauraside,43628
William Arroyo,163,9238 Michelle Dale,Lake Lori,99206
David Wilson,164,04518 Williams Pine,Lake Williamland,64399
Kathy Gonzalez,165,30998 Gabriel Plains Suite 080,Gonzalezton,72630
Lauren Stone,166,92296 John Burgs,South Christopherburgh,30521
Caroline Kaufman,167,5497 Hamilton Ridge,North Bobbyside,44162
Eric Potter,168,634 Robert Valleys,New Michael,88274
Gary Gonzalez,169,1677 Mejia Shores Apt. 730,North Melvinton,43205
David Herrera,170,6166 Patrick Points Suite 403,West Gregorymouth,09217
Vanessa Thompson,171,46272 Anderson Glen,Gomezside,89258
Stacy Stokes,172,71975 Monique Gateway Suite 431,Taylorborough,78757
Robert Holmes,173,470 Marshall Branch Suite 143,Lake Adam,27076
Regina Kelly,174,2702 Matthew Mission,East Michael,26376
Cory Soto,175,25623 Jensen Spur Suite 984,Port Ginatown,40938
Kevin Ferguson,176,363 Park Station Apt. 663,East Shannon,50639
Laura Noble,177,133 Davis Roads Suite 752,Marshallshire,37783
Fernando Moreno,178,4013 Marcia Burgs,New Robertfort,17086
Deborah Smith,179,42114 Timothy Ports Suite 389,Heatherborough,22616
Michelle Cook,180,44025 Deanna Rest,Port Richard,75183
Colleen Harding,181,78024 Ortiz Drive,Sherrihaven,56051
Anthony Tran,182,23107 Fernandez Estate,West Tinaburgh,33160
Aaron Gonzalez,183,0650 Serrano Land Suite 123,Caseyshire,92002
Juan Russell,184,161 Randall Pass Apt. 984,Lake Cindyville,68948
Jennifer Myers,185,8271 Webb Unions Suite 005,Lake Bethanyfurt,70901
Ricky Leach,186,332 Morgan Orchard Apt. 206,Lake Ashley,30004
Nathan Park,187,65946 Kaitlyn Mill,Dukeside,43682
Micheal Brown,188,81738 Gregory Mills Apt. 449,South Emily,79113
Mark Chapman,189,48838 Jasmine Drive Suite 447,West Kevin,37653
Mr. Christopher Mccoy,190,9027 Jack Pines Suite 114,Port Tammyhaven,14543
Brandon Barnes,191,84295 Christian Mountains Apt. 313,Stantonhaven,15230
Andrea Walker,192,1818 Linda Lane,Aaronberg,31972
Ronald Brooks,193,92938 Ross Plains Apt. 932,Lake Kimberly,81856
Mrs. Ashley Johnson,194,7397 Dean Rest Suite 351,New Lisa,13966
Cory Mathews,195,31173 Wells Turnpike,Francoborough,75322
Alexandra Franklin,196,16681 David Tunnel,Whitefort,05345
Gabrielle Cuevas,197,480 Jill Village Suite 705,West Alejandraberg,46185
Michael Lee,198,0688 Danielle Vista,North Felicia,13809
Bobby Jenkins,199,381 Hardin Point,East Markchester,02061
Mary Miller,200,1164 Robbins Mills,Lake Justinville,05376
Kevin Maddox,201,8132 Jesse Rest,East Lorraineborough,88204
Melissa Brennan,202,476 Banks Ferry,Nielsenmouth,89581
Emily Wang,203,29385 Moore Prairie Apt. 756,Bradtown,78313
Robert Baker,204,111 Kennedy Glens,Jamesmouth,92566
Cynthia Lam,205,073 Clark Plains Suite 580,Huangview,32340
Diana Wheeler,206,93817 Townsend Causeway Suite 377,Lewisstad,49015
Joann Cameron,207,8448 Charles Lake,West Toddstad,33527
Michael Dixon,208,3477 Nicole Keys Apt. 630,New Gregory,48670
Kimberly Lamb,209,849 Calvin Grove Suite 894,New Margaret,59774
Daniel Barber,210,5343 Davis Locks Apt. 494,Youngberg,07478
Stephanie Casey,211,2425 Lisa Light Apt. 089,Wilsonborough,09802
Susan Montgomery,212,978 Miranda Falls Apt. 615,Port Lauraport,11201
Sylvia Munoz,213,362 Joan Plaza Suite 989,Lake Stephanieland,38625
Amanda Nelson,214,28712 Kevin Shore,West Kimberlyberg,02379
David Casey,215,24551 Moreno Village,Nelsonchester,26787
Dylan Vasquez,216,0698 Crystal Mountains,Ramseyside,27781
Olivia Baker,217,55494 Erin Village Apt. 917,West Melindashire,67020
April Turner,218,30460 Madeline Track Apt. 875,Port Andreaville,70202
Donna Woodward,219,087 Terry Harbor Suite 678,Andreashire,84777
Crystal Lee,220,7315 Clark Ville,Kevinport,20024
Donna Jenkins,221,49442 Williams Club,New Sandraborough,66727
Tammy Thomas,222,884 Herrera Mills,North Hectorton,39098
Ronald Mendez,223,79228 Mary Ferry Suite 868,Farmerfort,26707
Dr. Alexander Pugh,224,274 Young Avenue Apt. 983,Brianfort,06936
Carlos Cowan,225,387 Robertson Flats,New Matthew,74032
Joseph Owens,226,4650 Nguyen Prairie,Griffintown,68274
Richard Porter,227,06141 Gonzales Knoll,East Savannahtown,74028
Edward Mcmillan,228,71492 Krista Pines,Port Michael,98473
Scott Jackson,229,83791 Autumn Springs Apt. 834,Haroldberg,28675
Monica Castaneda,230,28186 West Pike Suite 932,Dakotaview,46510
Nichole Webb,231,2201 Stephen Trafficway,Trujilloburgh,36905
Kenneth Contreras,232,3173 Robert Plaza,Douglasshire,33245
Virginia Kelly,233,86940 Roberts Forks Suite 887,Gomezberg,08250
Christopher Davis,234,062 Perez Hill,West Amandafort,94776
Christopher Bailey,235,01679 Claudia Crossroad,East Taylorhaven,85468
William Jones,236,9936 Allen Lake,Beverlychester,15708
Matthew Barber,237,9036 Tyler Rapids Apt. 976,Mariostad,41967
Richard Gardner,238,796 Foley Glens,Gillespieport,37877
Brittney Hamilton,239,9520 Joseph Island,West Stephanie,81995
Angela Arroyo,240,07731 Williams Bridge Apt. 714,Jamesport,31218
Shelby Goodwin,241,1266 Jones Freeway Apt. 688,Holmesbury,39860
Kathleen Taylor,242,3415 Cooper Mills,Katherineland,33652
Donna Wood,243,335 Wise Cliff Apt. 769,Stevenmouth,28143
Edwin Coleman,244,03409 Wolf Skyway Suite 054,East Sethfort,50588
Kevin Clark,245,519 Davies Skyway Apt. 515,Lake Brandonmouth,43079
Danielle Collier,246,3705 Jessica Mews,Phillipsmouth,92692
Lori Horton,247,0651 Smith Ramp,Jenkinsland,25305
Patricia Doyle,248,5397 Alexander Road,Carlfurt,68238
Amber Neal,249,08586 Megan Drive,Lake Barbarafort,95878
Daniel Li,250,3879 Young Spur,Amberville,66470
James Weiss,251,7438 Timothy Court Suite 376,Donaldport,97271
Tiffany Ellis,252,6911 Kendra Radial Apt. 454,Fryeview,42658
Daniel Villanueva,253,97515 Vega Light,East Emilyview,28674
Wesley Swanson,254,951 Acosta Plaza,North Steven,46099
Arthur Brown,255,372 Ashley Trail,Colemanfurt,38730
Tonya Griffin,256,11791 Breanna Springs Apt. 677,Josephhaven,22293
Howard Anderson,257,23593 Courtney Islands,Collinsland,95649
Andrew Ramos,258,614 Lauren Lakes Apt. 210,New Thomas,41320
Susan Alexander,259,78954 Kristopher Bridge Apt. 674,South Billy,05549
David Williams,260,28293 Rachael Camp Suite 428,Jonathanside,61856
Tracey Vasquez,261,47126 Lisa Brooks Suite 595,South Andreahaven,83896
Veronica Spencer,262,18737 Danielle Prairie Suite 268,South Sarahberg,19533
Dominique Lopez,263,04983 George Courts Suite 397,West Robert,52186
Jennifer Conner,264,86398 Phillips Ferry Suite 295,Perryhaven,80731
Kevin Lewis,265,049 Kimberly Lock Apt. 098,Lake Tyler,63669
Jacob Larson,266,6686 King Prairie Apt. 474,Port Karen,59952
Richard Howell,267,246 Angela Cliffs,Brownfort,66007
Brandon Walker,268,8792 Parker Row Suite 658,Lake Phillip,70633
Jenna Stewart,269,15655 Stephanie Grove,Port Janiceberg,69703
Christopher Cook,270,72570 Morris Stravenue Suite 909,Lake Johnport,54459
Pamela Walsh,271,34102 Stephanie Curve Suite 523,Port Jeffreymouth,03482
Rebecca Hansen,272,4009 Fowler Road Suite 215,West Victoriamouth,89549
Adam Torres,273,49446 Jennifer Groves Apt. 179,Hinesfurt,66528
Christopher Harper,274,95466 Thomas Passage Apt. 578,West Staceymouth,63786
Chad Lee,275,4186 Burke Rest,Jodibury,60570
Justin Walsh,276,969 Rogers Crescent Suite 551,Tylertown,95443
Connie Dean,277,522 Ford Station,Port Stephen,49701
Andrew Arellano,278,070 Terry Trail Suite 148,Lopezfort,01712
Pamela Myers,279,78982 Saunders Radial Suite 011,Port Tyler,75607
Michelle Carroll,280,38865 Jennifer Trail Apt. 088,Port Donnamouth,19816
Deborah Acevedo,281,18702 Jordan Ford Apt. 849,Kevinside,97445
Mark Martinez,282,577 Jones Drive Suite 307,Ninaview,60184
Alan Salazar,283,7026 Jeffrey Squares,Port Reginaldland,83910
Lindsay Ochoa,284,803 Willie Dam,South Sarahfurt,46947
Bobby Ford,285,0636 Singleton Circles,Gonzalezshire,33043
Richard Soto,286,845 Sanders Green Suite 746,Robinsonburgh,80820
Colton Mullins,287,19981 Gilbert Center,East Carlabury,96825
Eric Everett,288,04596 Rebecca Square,New Roberthaven,66088
Sarah Tucker,289,8730 Watson Lakes Suite 750,Karenburgh,69997
Gary Welch,290,2361 Mike Hollow Suite 169,North Javiermouth,36854
Melissa Smith,291,51578 Michael Mission,Richardberg,08790
Jeremy Farmer,292,02921 Manuel Place Suite 146,North Kathleentown,88585
Sandra Goodwin DVM,293,343 Jones Valleys Apt. 559,Osborneside,00963
Thomas Saunders,294,80999 Stacey Stravenue Apt. 605,Sarahchester,53921
Marilyn Reese,295,3740 Kristine Street Suite 179,West Jeffreychester,69430
Megan Lin,296,585 Nicholson Lights,Brewerhaven,62228
Sue Thompson,297,57104 Jennifer Ranch Apt. 609,Margaretmouth,52508
Dominic Rogers Jr.,298,6328 John Forge,Kellerland,50862
Jason Alvarez,299,248 Joshua Turnpike Apt. 393,New Jill,45645
Tina Barron,300,320 Stevens Gateway Suite 330,Charleshaven,36224
Stephen Smith,301,8514 Rachel Knolls,South Robert,78901
Richard Jackson,302,424 Amber Fields Apt. 486,Burkehaven,71547
Mark Howard,303,583 Tricia Brooks Apt. 722,Myershaven,38520
Frances Williams,304,16032 Sherry Junction,Lake Cassandrabury,66082
Keith Taylor,305,63109 Quinn Port,Jenniferland,16275
Amber Kramer,306,1636 Thomas Mews Apt. 431,Wongfurt,80740
Donna Wilson,307,4420 Sandra Landing Apt. 164,New Julieville,30230
Luke Sanchez,308,44983 Jessica Dale,Ellisfurt,02531
Sara Green,309,4696 Morgan Union,West Jacob,28121
Vickie Gentry,310,818 Vickie Manors,West Williammouth,01362
Craig Reese,311,7674 Preston Mountains Suite 199,Loweland,07562
David Vaughn,312,1421 Jones Trail Suite 365,Cassandrabury,40018
Joel Martin MD,313,836 Harris Wells,Cohenbury,30470
Corey Woods,314,1533 Regina Village Apt. 942,East Williamton,29228
Cameron Young,315,8354 Kelsey Pass Suite 278,Leetown,90757
Javier Fry,316,576 Moore Burgs Suite 894,Katherinemouth,56738
Matthew Ward,317,015 Sarah Plaza,Ellisville,08812
Dillon Roberson,318,109 Williams Station,Lake Christinafurt,63058
Kaitlyn White,319,71977 Amber Village Apt. 997,Jessicafurt,28555
Jeremy Mcconnell,320,37178 Owen Glen,Mejiahaven,37025
Steven Pope,321,849 Jeremy Pass Suite 442,Hammondberg,24842
Victoria Moore,322,956 Maxwell Lights Apt. 809,Michellemouth,65965
Melissa Fuller,323,258 Leah Corner,Jessicaborough,11768
Teresa Boone,324,30221 Lauren Pine Suite 425,Lake Geraldfort,23653
Andrew French,325,098 Morgan Station Suite 927,Williamsmouth,34029
Steven Cannon,326,7192 Justin Valley Apt. 406,North Danielfurt,53781
Brian Mcdaniel,327,13648 Davis Club,Montgomeryshire,44023
Joshua Davis,328,8887 Renee Stravenue,Dixonfort,95914
Maria Howe,329,07592 Brandy Stream Apt. 065,Bryanton,42687
Kathleen Fernandez,330,63171 Oneill Fords Apt. 186,Rayfurt,46281
Patricia Smith,331,446 Wilson Manor,Lindaburgh,04473
Christopher Benson,332,4887 Joe Glens Suite 918,Rothmouth,40732
Robert Smith,333,146 Bradley Inlet Apt. 404,Christinaview,11084
Reginald Douglas,334,164 Laura Fields Apt. 258,New Ryanview,76225
Kelsey Rodriguez,335,609 Smith Walks,Jonesland,94794
Roger Salinas,336,50921 Dana Mountains Apt. 048,East Fernandomouth,74273
Andrea Carroll,337,1546 Leslie Squares,Cortezborough,35589
Dr. Donna Rose,338,36809 Tommy Union,Cortezhaven,82859
Chelsea Small,339,845 Watson Harbor,South Valerie,75898
Chad Flores,340,57391 Keith Prairie Apt. 958,New Bruce,19723
Jill Anderson,341,86978 Higgins Run,South Keith,16292
Gary Perkins,342,69015 Michael Shoal Apt. 595,Martinezberg,40349
Michael Joseph,343,430 Jose Drive Apt. 567,Katieburgh,36357
Nancy Garcia,344,9510 Martin Divide,South Jennifer,44731
Jessica Davis,345,2271 Anthony Mills Apt. 084,New Nancy,43841
Wendy Johnson,346,0126 Reyes Spring,West Devinborough,89925
Thomas Kennedy,347,0581 Maria Knoll Suite 629,North Rachelmouth,43661
Jessica Hughes,348,6169 Charles Coves,Thompsonport,41640
Thomas Meyer,349,133 Hudson Mews,North Michaelchester,42648
Donna Zamora,350,05486 Graham Ville,Stephenfurt,00538
Jessica Crawford,351,12967 Lindsay Brook,Josephstad,65193
Edgar Singh,352,15633 Long Alley Suite 610,Doughertyside,13406
Kerry Herrera,353,605 Adams Ville,South Richard,21107
Cassandra Martin,354,75246 Luke Groves Apt. 877,Davidland,64156
Nathan Bradley,355,582 Brown Ford Apt. 938,New Donaldberg,77973
Misty Ashley,356,3515 Moore Port Apt. 026,Port Joshuaside,84052
Jeffrey Reid,357,4112 Joseph Causeway,Deannaview,10294
Alexandra Black,358,21083 Sexton Route,West Ryan,91561
Keith Cervantes,359,697 Joan Stravenue Apt. 573,East Mary,69751
Wendy Molina,360,58538 Perez Glen Apt. 784,Davidbury,92101
Brittany Castillo,361,891 Peter Burgs,Travisfort,56461
Marissa Reid,362,542 Dillon Path,Michaelstad,59291
Pamela Houston,363,7434 Hull Summit Suite 210,West Ericland,91567
Lauren Schmidt,364,2434 Kimberly Via Apt. 611,Lake Johnfort,91354
Dr. Joseph Clark PhD,365,793 Miller Road,Bridgetbury,93885
Elizabeth Harmon,366,557 Grace Harbors Apt. 180,Christopherton,79998
Janet Tucker,367,08615 Thomas Stravenue,Port Christineberg,42360
Robert Cooper,368,205 Park Forks Apt. 125,Port Samantha,14853
Mariah Davis,369,118 Larson Manor Apt. 173,New Amberberg,95233
Anthony Young,370,59828 Angela Curve,Johnview,42534
Gabriela Caldwell,371,519 Alexander Crossing Suite 215,Lake Haleyview,01667
Aaron Brown,372,808 Bradley Vista,Anthonyshire,81857
Courtney Graham,373,181 Jennifer Burg Apt. 829,Mooreberg,58293
Gabriela Grant,374,0171 Cross Court,New Lisaside,90323
Barbara Howard,375,9578 Brown Forest Suite 190,New Haleybury,39488
William Castillo,376,721 Alexander Spurs Apt. 090,Justinfort,84543
Stephen Wells,377,24076 Hayes Courts Suite 492,North Kennethstad,06370
Aaron Macdonald,378,1554 Scott Overpass,Devonview,45049
Autumn Davis,379,737 Sanders Fort Suite 225,Nathanieltown,92675
Thomas Ballard,380,430 Suzanne Camp,Fraziershire,73797
Kathleen Butler,381,78489 Edwin Valley Suite 626,Lake Jonathanchester,08067
Debbie Walls,382,072 Matthew Loop,East Kennethfort,82903
Joyce Wong,383,9510 Carlson Ville,Contrerashaven,86638
Jasmine Cooper,384,6681 Wilkerson Lane Apt. 921,Brianton,32602
Jocelyn Richards,385,757 Jordan Plaza,Jenniferfort,16851
Brandi Jones,386,0619 Cindy Pass Apt. 328,Campbellfurt,21421
Jonathan Robinson,387,36626 Crawford Orchard,Lake Whitney,88348
Beverly Hamilton,388,5446 Maldonado Canyon,Paulafurt,15326
Matthew Simon,389,5524 Riggs Port,Kristachester,19352
Catherine Adams,390,27883 Meyers Cape,Douglasmouth,42215
Heather Marsh,391,33036 Andrew Skyway,Morganshire,63527
Erika Rodriguez,392,557 Brenda Mountain,New Sheri,96512
Victoria Myers,393,925 Melissa Rapids Suite 471,South Shelley,32432
Gabriel Murray,394,3507 Mullins Inlet Suite 101,Daniellefort,40901
Brianna Schneider,395,87957 Tyler Expressway Apt. 632,South Tiffanyville,23418
Steven Mack,396,054 Lynn Valley Suite 344,Karenberg,46295
Roberto Avery,397,3052 Martinez Prairie Apt. 835,Victoriafort,85451
Kayla Parker,398,240 Anderson Prairie Apt. 231,Hickmanton,75465
Jose West,399,709 Cuevas Ranch,West Brian,18710
Michelle Jones,400,245 Rios Drive Apt. 540,Rubenhaven,09148
Christopher Sellers,401,4481 Walter Valleys,North David,49354
Andrew Scott,402,2778 Justin Roads Apt. 534,New Oscarfort,64987
Joshua Hernandez,403,54036 Pamela Haven Apt. 875,Nathanmouth,19721
Sheri Stewart,404,27311 Taylor Rapid,Port Abigailhaven,07812
Dakota Sanders,405,7177 Hopkins Via,Lake Melissa,27800
Samuel Williams,406,41752 Kimberly Station,North Brian,09812
Clayton Hill,407,182 Figueroa Divide Apt. 974,Lake Johnland,20761
Kelly Sullivan,408,6358 Sharon Isle Apt. 188,Evansfurt,95130
Elizabeth Miller,409,15270 Brittney Lights,West Marissamouth,42549
Tara Miller,410,571 Steven Park Apt. 932,Jacobview,14568
Jennifer Jones,411,3297 John Lodge,Darrylmouth,13196
Karl Anderson,412,806 Dunn Light,Wilkinsonborough,19877
Katherine Tate,413,400 Daniel Lodge Suite 023,Robertsmouth,79311
Daniel Munoz,414,7745 Baker Key,Lake Aaronborough,13389
Richard Washington,415,81065 Tonya Key Suite 616,North Travis,19083
Robert Hernandez DVM,416,4182 Phillips Cape,Jaredville,64064
Tina Nunez,417,80270 Carter Freeway,West Pamelaside,69841
Timothy Beasley,418,4493 Sarah Extension,Matthewberg,06170
Nicholas Calderon DVM,419,122 Strickland Wells Suite 853,South Alexander,35283
Erin Byrd,420,16746 Ramirez Crossing,Ryanview,68303
Lauren Crawford,421,336 Bonilla Lakes,North Richard,75348
Hunter Phillips,422,3286 Robert Haven Apt. 317,Waltertown,93595
Sherri Phillips,423,342 Anthony Island Apt. 684,New Isabella,14999
Jacob Barber,424,4335 Rose Skyway,Lake Christopher,06277
Robert Watson,425,5669 Charles Underpass,Port Davidville,73052
Megan Hamilton,426,85156 Rodriguez Place Apt. 111,Hallshire,84402
Brittney Torres,427,518 Raymond Islands,Lake Markton,69273
Mark Mosley,428,45026 John Walks Apt. 026,Rachelhaven,56234
Kaitlyn Wells,429,7355 Andrew Points Suite 618,Port Douglas,08957
Ebony Mcbride,430,96068 Troy Ramp Apt. 657,South Jessica,21187
Clinton Castillo,431,62098 Fred Locks Apt. 021,North Sandra,47088
Mary Mitchell,432,2106 Kendra Glen Apt. 819,West Yeseniabury,79707
Willie Lynch,433,42474 Tamara Parkway Apt. 505,South Richardton,42641
Melissa Gibson,434,42921 Jonathan Greens Apt. 204,Robinland,75628
Patrick Snyder,435,127 Owens Village,Samuelstad,93788
Nicole Becker,436,51201 Kathleen Greens,North Joseph,48235
Richard Curtis,437,8853 West Burgs Apt. 081,Johnsonmouth,20095
Angela Roth,438,61450 Wright Lights Apt. 654,Robertton,40934
Carla Wiggins,439,952 Brian Run Apt. 562,Gonzalesborough,40352
Ashley Jensen,440,12359 Abigail Views,West Kathyfort,63929
Lori Simpson,441,428 Mary Passage,Nicholasport,14161
Vernon Garcia,442,18031 Jesus Springs Apt. 921,West Erinfurt,66687
Mrs. Tiffany Scott,443,149 Sean Corner,Coopershire,11423
Roberta Collins,444,189 Alisha Mission,Collierland,58982
Christopher Nguyen,445,392 Stacy Lake,Reginamouth,26225
Jamie Oliver,446,106 Billy Plain Apt. 133,Dawnport,29069
William Gomez,447,521 Smith Ports Apt. 121,Melissaland,87800
William Estrada MD,448,88528 Bruce Mews Suite 036,Jeffreyview,83388
Peter Terry,449,72792 White Isle Suite 945,New Elizabeth,56439
Daniel Romero,450,215 Carla Divide Suite 762,East Nathanshire,88596
Alexis Ross,451,8251 Fischer Springs,Adkinsland,82285
Morgan Hampton,452,856 Johnny Falls Apt. 720,South Andrew,62665
Brenda Walker,453,17873 Susan Rapid,Leonfort,01569
Stuart Branch,454,8392 King Trail,Petersonland,72009
Juan Nixon,455,9260 Edwards Run Suite 019,Marcomouth,18619
Evan Tyler,456,7569 Wilson Turnpike,Port Philipville,89588
Anne Wheeler,457,806 Winters Road Suite 687,Sarahton,53664
John Carney,458,282 Jeremy Burgs,West Veronica,78481
Jesse Herring,459,79451 Jones Divide Apt. 100,Summersshire,83208
Daniel Williams,460,144 Kyle Underpass Apt. 705,Port Larryhaven,85706
Kayla Cook,461,6714 Carol Glens,East Ericbury,15328
Suzanne Hernandez,462,94055 Hines Ville,New Ryanbury,15086
Brent Whitaker,463,132 Lori Stravenue Suite 484,Wilkinsonland,22419
Kristin Martinez,464,545 Carpenter Island,Michelleport,76742
Jacob Miller,465,0544 Richard Causeway,Nelsonshire,34348
Aimee Berry,466,082 Sanchez Shoal,Hollyfort,45847
Lauren Shea,467,674 Blake Ramp Apt. 906,Lake Angela,26331
Bradley Parker,468,166 Daniels Locks Apt. 024,Port Janice,81550
Tara Martinez,469,80534 Ingram Motorway Suite 209,Scottberg,97696
Samuel Castro,470,1811 Frye Ford,Anitamouth,23549
Angela Evans,471,13453 Justin Place,Lake Michael,79446
Jason Evans,472,4943 Edwards Inlet,Kennethhaven,31076
John Mercado,473,099 Potter Turnpike Suite 471,New Tony,15414
Philip Garrett,474,688 Donna Lakes Suite 603,East Kimberly,52697
Autumn Roberts,475,6006 Small Roads,West Jessica,66641
Patricia Wilson,476,5246 Walker Coves,South Robert,32983
Emily Griffin,477,329 Lopez Meadows,New Chelseaborough,02691
Keith Reyes,478,49203 Cassandra Cliffs Suite 351,New Susanshire,06574
Brittney Ruiz,479,6130 Winters Underpass Suite 091,North Jacobchester,06063
Heidi Harper,480,74932 Jared Wall Apt. 591,Ryanfurt,09646
Michael Weaver,481,42142 Long Forge Apt. 637,Davidview,45809
Donna Vaughn,482,046 Castro Motorway,Jamesstad,16215
Jeffery Wheeler,483,0375 Zimmerman Union,North Karenhaven,08580
Joseph Williams,484,0079 Stephanie Drive,Port Amy,46489
Jordan Tapia DVM,485,1817 Donna Meadow,New Matthew,37843
Andrea Mckinney,486,625 Hayes Summit,New Williamton,14577
Joseph Macdonald,487,54055 Ochoa Place,Andrewberg,27908
Jordan Johnson,488,290 Aaron Pines,Moralesshire,91872
Steven Bennett,489,753 Hernandez Ferry,North Markberg,80448
Holly Lewis,490,74536 Scott Gateway,Cynthiaview,03295
Stephen Sampson,491,426 Dickerson Turnpike Apt. 316,North Aaron,75991
Shannon Flores,492,7668 Russell Villages Suite 000,New Angelaville,70687
Monica Poole,493,9352 Goodwin Turnpike Apt. 151,South Courtneyside,20433
Roger Bishop,494,23910 Harris Walk,East Ashley,01635
Amanda Ellis,495,5332 Bryant Place Suite 702,South Scott,47519
Richard Martinez,496,854 Shawn Fork Apt. 374,Mccarthyfurt,58073
Christina Scott DDS,497,0765 Melissa Parkway Suite 917,Davisside,96098
Karen Woods,498,954 Melissa Lights,Edwinmouth,22494
Jamie Martin,499,1376 Rodriguez Crescent Suite 275,North Mark,86055
Kelsey Moore,500,259 Garcia Ferry Suite 934,Port Joshua,95700
Erika Rodriguez,501,64945 Christensen Turnpike,East Cynthia,82988
Glenda Jackson,502,703 Potter Fort Apt. 867,South Mary,54813
Emily Moore,503,084 Smith Fork Apt. 350,Stevenborough,53117
Adam Henderson,504,249 Dunn Wells Apt. 758,Millermouth,35132
Rebecca Yates,505,7729 Dawn Island,Ethanland,00962
Rick Silva,506,65942 Jennifer Centers,West Christopher,79576
Ryan Mitchell,507,854 Nielsen Ways,North Maria,69914
Natasha Bullock,508,2692 Smith Island,Mcdonaldshire,98810
Arthur Baker,509,78043 Johnson Gardens,North Johnstad,15035
Matthew Hale,510,46412 Turner Club,West Nathan,48997
Jasmine Bailey,511,564 Thomas Stream,Boydton,38646
Ebony Lopez,512,348 Justin Lane Suite 615,Thompsonfurt,38980
Jamie Jones,513,22738 Lisa Isle,Lake Ericamouth,98809
Yolanda Wilson,514,8702 Robert Center,South Amanda,17460
Colleen George,515,99686 Morgan Light Apt. 736,New Jason,96011
Sierra Brown,516,8013 Cortez Well Suite 840,New William,87289
Miss Tracey Hill,517,28994 Luna Place Suite 571,South Christopher,23184
Karen Mckee,518,9020 Williams Course Suite 174,Megantown,54636
Erin Rangel,519,78949 Lee Point Suite 129,West Marcustown,12411
Christopher Ramos,520,098 Miranda Road Suite 977,West Andrealand,14162
Erin Smith,521,22385 Lee Drives,New Kylemouth,43343
Felicia Blair,522,7020 Medina Unions,West Traci,27628
Alexandra Henderson,523,4632 Kimberly Mountains Suite 050,Lake Andrewchester,13565
Michael Jones,524,32271 Combs Pass,Garrisonburgh,39084
Julie Barrera,525,9830 Russell Common Apt. 359,South Amandaborough,08489
Carmen Chambers,526,0686 Davis Mission Suite 170,East Michaelhaven,02863
Sabrina Lewis,527,872 Curtis Square,Jordanfort,38302
Kim Adams,528,9350 Crystal Meadows,Port Michelle,57256
Christopher Powell,529,153 Summer Highway,Browningshire,64959
Stephanie Hart,530,9565 Thomas Greens,North Katherine,90755
Laura Horton,531,818 Alicia Drives,North Brianborough,50030
Misty Graham DDS,532,1331 Andrea Points Suite 058,Armstrongview,21300
Jennifer Harris,533,682 Tyler Fords Suite 160,Port Mariabury,89270
Jessica Flores,534,1536 Kayla Flat Apt. 638,Wendyside,09809
Donna Gomez,535,2571 Brian Station,Mooreberg,57494
Jeffery Blankenship,536,3035 Vang Stravenue Apt. 255,South Carla,77176
Brian Johnson,537,6879 Harris Union Suite 634,East Devinborough,39517
Sydney Mendez,538,2833 Floyd Ville,Janeview,30338
Susan Odom,539,126 Vernon Drive,South Sydneyview,19012
Brian Lewis,540,90097 White Isle,Davismouth,62124
Michael Hernandez,541,00244 Bird Lock,West Micheleland,54055
Steve Smith,542,057 Hickman Dale Apt. 766,New Alexandertown,06721
Andrew Davis,543,412 Wood Shore Suite 356,Garciaton,09927
Shannon White,544,01574 Brett Ways Apt. 642,Gloverville,68265
Alexander Stewart,545,7768 Griffin Springs,Rogersberg,13574
Beth Knox,546,2560 Tommy Fields,Malonemouth,49540
Margaret Stewart,547,1503 Laurie Plains Apt. 395,South Carl,06082
Lisa Waller,548,4902 Butler Light,Lake Timothyfurt,59357
Matthew Bass,549,6148 Sims Turnpike,Lake Williamberg,65320
Johnny Cook,550,1681 Joseph Haven Apt. 002,New Robertburgh,20381
Jordan Morris,551,3726 Katherine Mountains,South Megan,96303
Charles Harrington,552,335 Santos Course Apt. 319,South Samanthahaven,39100
William Gonzalez,553,03220 Crystal Ports Apt. 602,West Lori,33775
Robert Chapman,554,955 Schultz Divide,Port Sherry,27865
Jacqueline Cooper,555,631 Davis Spur Suite 609,South Lesliemouth,28553
James Moore,556,3513 Sharon Spurs,Lake Michael,79702
James Thomas,557,84632 David Pike,Coryborough,74500
Sandra Fields,558,282 Joseph Knoll,Sloanberg,93951
Oscar Roberts,559,157 Steven Dam Apt. 561,Shepherdchester,31899
Matthew Moss,560,434 Paul Mountain Suite 056,South Jamie,67477
Aaron Gross,561,418 Laura Forks,South Regina,40793
Kimberly Duffy,562,160 Matthew Well Apt. 590,Aprilborough,19812
Tamara White,563,9616 Jackson Greens,Johnsonfort,38488
Angela Hatfield,564,22377 Figueroa Land Apt. 806,Timothyshire,56302
Richard Robinson,565,5387 Lopez Branch Suite 039,East Casey,68893
Isabella Kim,566,0168 Prince Street,Lake Vanessaborough,74139
Bridget Aguilar,567,046 Kimberly Islands Apt. 465,Mooremouth,45306
Kelly Cisneros,568,7801 Brian Plaza,North Adamtown,86340
Wendy Young,569,595 Michael Prairie,Christinabury,38389
Troy Jones,570,78819 Andrew Corners Apt. 377,South Joshua,64786
Melissa Wright,571,88000 Arnold Ports,Alexside,08206
Benjamin Rivera,572,77006 Moore View,South Davidport,36273
Matthew Lynch,573,7806 Hailey Centers,Carrollstad,56803
Ryan Jones,574,433 Christopher Street Suite 085,Kimberlyland,53245
Wendy Hayes,575,46914 Barber Lodge,North Jeremiah,46433
Brian Wood,576,999 Nicole Keys,North Andreshire,52171
John Fletcher,577,5401 Lee Glens Suite 170,Laurenchester,06723
Gary Higgins,578,6711 Victor Highway,Bradland,24459
Abigail Myers,579,21055 Johnson Fields,Brownmouth,22118
John Robinson II,580,3246 Davis Gardens,Lisaville,48509
Michelle Herrera,581,465 Davis Road,Shannonshire,15702
Carla Stephens,582,814 Tiffany Meadow Apt. 512,South Meganhaven,92700
Ashley Craig,583,994 Breanna Isle,Port Rebecca,61340
Michelle Miller,584,692 Beck Mission,Port Donna,38587
Stephanie Oconnell,585,0793 William Parkways,Gregoryberg,57152
Tyler Morris,586,72123 Lee Burg Suite 012,South Bettybury,71500
Hannah Zimmerman,587,55711 Silva Viaduct,East Kimberlytown,81943
Brandon Reed,588,56200 Mason Mountains Suite 169,Lake Tanya,02437
Crystal Wright,589,995 Holland Cape Apt. 499,New Tony,63042
Mark Roberts,590,1098 Thomas Valleys,North Gloriahaven,74411
Matthew Hunter,591,0455 Michael Well Suite 390,South Amandaview,64789
Kenneth Cook,592,96756 Rivera Corner Apt. 488,East Kennethland,65990
Brian Duran,593,65205 Tony Isle,Grantberg,55310
Jonathan Hutchinson,594,83581 Blanchard Mews Suite 460,North Thomas,37781
Sue Brewer,595,58140 Olson Terrace,Lake Josephborough,85321
Danielle Lewis,596,2579 Jean Lake Suite 009,Lake Colinhaven,38311
Corey Acevedo,597,302 Daniel Gardens,Shafferside,41235
Holly Brock,598,19785 Nicholas River,Lake Stephen,77375
Kathryn Perez,599,387 Ayers Forge Suite 759,Danielview,51651
Peter Walsh,600,8652 Wheeler Oval Apt. 240,Sheliaville,82405
Christine Davis,601,198 Mary Crossroad,North Kelly,66117
Jonathan Murphy,602,59483 Munoz Cape,North Jenniferton,33051
Andrew Short,603,365 Kennedy Locks Suite 267,Snyderburgh,14133
Cynthia Mcguire,604,52239 Kelly Avenue,Richardsonmouth,14285
Jeffery Mcdonald,605,56089 Patterson Avenue Apt. 630,Jessefort,60094
Heather Hogan,606,19942 James Garden,Lake Haley,77620
Frank Stewart,607,92218 Young Squares,Timothychester,34201
Jack Cox,608,2317 Dawn Village Suite 901,South Tiffany,30662
Christine Hobbs,609,62001 Moore Causeway,Jeffreyberg,46825
Matthew Strickland,610,397 Roberto Expressway,Port Rebecca,94140
Paul Sanders,611,67563 Hamilton Crest Apt. 874,West Bridget,26451
Jessica Taylor,612,580 Jeffery River,Kellyview,77719
Donna Charles,613,41910 Christopher Locks Apt. 851,North Claudia,23709
Joseph Wilson,614,256 Susan Radial,South Monicaberg,45377
Andrew Myers,615,8178 Gloria Route,Port Carol,04939
Melanie Anderson,616,3034 Moody Fall,East John,59023
Mr. Jacob Morris,617,379 Mcdowell Roads,Tylerburgh,22659
Scott Mcfarland,618,1594 Barrett Coves,Micheleland,42655
Stephen Fox,619,47473 Perry Station,Dianamouth,86130
Christine Wilson,620,48217 Gregory Park Suite 158,East Carolyn,81428
Karen Thompson,621,57777 Julia Track,Port Catherine,92249
Victoria Johnson,622,59034 Lisa Port Apt. 024,Baileymouth,20167
Gregory Curtis,623,417 Jacobs Shores Apt. 966,Port Gregorychester,48641
Jasmine Cunningham,624,5926 Lisa Trail,Williamsville,10750
Alan Anderson,625,062 Mercado Vista,Lake Gregoryview,31721
Emily Smith,626,419 Raymond Place,Emilyshire,66787
Jeffery Johnson,627,303 James Valley Apt. 608,Johnsonhaven,62007
Amy Simmons MD,628,0782 Stevens Mission,Salazarburgh,27452
Matthew Long,629,982 Weeks Stravenue Apt. 434,East Raymond,54818
Martin Henry,630,90622 Walker Lane,Amandashire,13474
Teresa Torres,631,1515 Walters Track Suite 150,North Codyhaven,49180
James Hansen,632,96081 Cynthia Forge Apt. 190,Karenside,53343
Kayla Reilly,633,23592 Snow Plaza Apt. 440,Lewishaven,23694
Timothy Carter,634,330 Erin Corners,Marshallfort,60760
Richard Munoz,635,145 Felicia Extension,North Rhonda,18234
Marie Mendoza,636,288 Amy Via Suite 471,West Jamesfort,96057
Shirley Miller,637,4840 Jeffrey Trafficway,New Lisastad,07759
Allison Webb,638,69468 Young Neck Suite 159,Lunamouth,58766
Bernard Williams,639,3245 Garner View,Thomasfort,24953
Erica Hernandez,640,26426 Christine Grove,Ballside,69343
Eric Mcbride,641,4154 Stephen Square,East Oscarland,16143
Jennifer Fischer,642,357 Meghan Mountains,Matthewfurt,17621
Richard Duncan,643,07268 Lori Lock Apt. 057,Curryfurt,18198
Leonard Park,644,45850 Robert Fall,West Courtney,60395
Mr. Charles Mooney Jr.,645,178 Pacheco Drive Apt. 794,Port Carolfurt,08693
Brian Barron,646,348 Jackson Cliffs Apt. 926,Piercemouth,08487
Anthony Brown,647,8234 Hunter Curve Apt. 504,West Ronald,09918
Alexandra Garcia,648,4781 Hill View Suite 181,Port Aaronshire,64837
Jessica Barry,649,3492 Solis Row,New Jonathan,67972
Phillip Lowe,650,80350 Cody Locks Suite 676,Port Nathanchester,05729
Nicole Johnson,651,8346 Michael Rapid,North Erika,42523
Gabriela Smith,652,152 Castillo Shores,Loriville,05104
Robin Thompson MD,653,236 Richardson Lodge Apt. 740,Darrenmouth,80247
Jason Carter,654,179 Mcclure Grove,New Jacquelinemouth,95877
Danielle Li,655,69055 Payne Locks Apt. 160,Sophiastad,05882
Teresa Gibson,656,0461 Thompson Lodge,North Ann,67334
Richard Dillon,657,56471 Glover View,Lake Jonathanfort,58596
Mark Ray,658,305 Glenn Station,Michelleburgh,45479
Joseph Hughes,659,59275 Vasquez Roads,Thomasside,18281
Jean Hernandez,660,29972 Shepard Row,Scottmouth,66881
Jeffrey Gomez,661,466 Nguyen Turnpike,Willisville,32100
Michael Brown,662,5591 Jerry Vista Apt. 346,Brookemouth,53549
Edward Nicholson,663,30689 Daniel Trafficway Apt. 258,South Elizabeth,44316
Adam Ward,664,2706 Julie Lodge Apt. 421,Wheelerbury,25311
Jeffrey Perez,665,919 Carrie Plain Suite 719,Josehaven,65128
Paul Baxter,666,137 Denise Valley Suite 127,Lake Claire,12136
Sydney Dixon,667,18652 Jackson Mews Apt. 870,New Douglaston,42587
Melinda Davis,668,12646 John Green Suite 032,Valentineland,27575
Patrick King,669,050 Gallagher Summit,Jenkinsstad,32738
Mrs. Christina Rojas,670,3138 Ann Spur,North Timothybury,56320
Lisa Davis,671,162 Robinson Dam,Hamiltonfort,25529
Samantha Johnson,672,9651 Michelle Bypass Suite 739,Joshuafurt,61098
Steven Hansen,673,8032 Diane Plain Apt. 537,Hickmanmouth,46443
Michael Andrews,674,00859 Abigail Brooks Suite 516,Lake Stevenside,60575
Darrell Alexander,675,17870 Gregory Ports Suite 974,East Chad,50091
Brooke Navarro,676,2854 Darren Street,New Meganburgh,01695
Mr. Jason Strong,677,93144 Harmon Stream Apt. 019,West Meagan,79631
Roy Simmons,678,49114 Daniel Mountains Suite 797,Allisonmouth,72575
Barbara Hart,679,3702 Joyce Mill,Mileston,96758
Caleb Gonzalez,680,42214 Kelly Terrace Apt. 467,New Jessicastad,97072
Timothy Petty,681,11168 Bailey Ford Apt. 683,Lake Kevinfort,13338
Patricia Garcia,682,746 Gilbert Corners,New Logan,44986
Joshua Richard,683,772 Clarke Forges Apt. 687,Lake Veronica,83467
Shelby Myers,684,8787 Ricky Mount,Sheenaborough,35511
Katherine Benton,685,34683 Melissa Parkways Suite 902,East Rebecca,59044
Steven Smith,686,2541 Robinson Trafficway Apt. 438,Berrychester,55390
Omar Tran,687,404 Shannon Grove,East Jasmineland,29897
Kathryn Morgan,688,3174 Amanda Turnpike Suite 282,South Ericbury,03921
Jay Stewart,689,600 Mary Bypass Suite 870,Watsonfort,43229
Kevin Mendez,690,45478 Rodriguez Station,Wilsonville,60351
Jennifer Hickman,691,042 Amy Overpass,Juanfurt,01013
Donald Morgan,692,90285 Charles Fork,Lake Tara,95788
Candice Russell,693,5068 Cruz Curve,Carlsonview,12164
Craig Kelley,694,6475 Kenneth Ranch Suite 227,New Victorialand,67071
Gregory Torres,695,784 April Trail,Lake Tonya,96658
Brian Bailey,696,87383 Barnes Islands,North Jeffreytown,96299
Jeffrey White,697,631 Deborah Union Apt. 228,Kleinport,40013
Ann Moody,698,16324 Gabriela Avenue,West Anthony,59267
Jennifer Benson,699,23698 King Bridge Apt. 292,Gonzalezhaven,72355
Daniel Snyder,700,078 Rodriguez Spring,North Jerry,75674
Chad Snyder,701,76667 Montgomery Crossing,Briannamouth,77461
Joe Harris,702,6154 Turner Loop Suite 629,Stacybury,86327
Kevin Mcgee,703,5940 Chelsea Lakes Apt. 567,South Davidport,54688
Hannah Pratt,704,87901 Hoffman Plains Suite 845,Scottborough,67360
Jacqueline Krueger,705,79476 Donald Via,North Kenneth,03447
David Jordan,706,03434 Bennett Port Suite 083,Port Kellyview,25904
Nathaniel Holmes,707,526 Michelle Wells Apt. 857,Patrickside,90530
Amanda Martinez,708,368 Brandon Glen,Dawnshire,30206
Matthew Barnes,709,9553 Brandon Mall Suite 419,South Stephenfort,95985
Parker Wheeler,710,780 Claire Islands,Lake Kristen,70259
Nicole Anderson,711,81063 Harrison Valleys Apt. 160,New Jessica,03739
Gary Stewart,712,97607 Murray Turnpike,Elizabethside,76220
Joseph Bentley,713,65418 Orozco Port Apt. 627,North Rachelhaven,53152
John Garcia,714,8563 Susan Fields,Ronaldborough,53021
Christine Keller,715,31214 Johnson Islands Apt. 034,Crystalburgh,13502
Karen Kirk,716,749 Michael Hill,Bradytown,95259
Jaclyn Mcclain,717,04327 Herman Vista,Courtneyborough,13252
Donald Perez,718,5394 Robinson Row,Lake Faithfort,36527
Angela Willis,719,41639 Garza View Suite 364,Gomezmouth,31297
Christopher Boone,720,129 Catherine Union,West Paulmouth,05767
Samantha Powell,721,04378 Michael Crescent Apt. 840,Monicastad,17720
Victoria Perry,722,714 Johnson Plains Apt. 691,South Frank,26408
Zoe Williams,723,376 Jones Hollow Suite 465,South Johnny,79649
Peggy Chung,724,57811 Paul Motorway Apt. 710,Jasonside,31249
Brittany Rodriguez,725,62066 Karen Curve,Watersville,65964
Lauren Rivera,726,137 Fowler Parks,South Cynthia,42323
Ryan Carter,727,77205 Hanson Park Apt. 189,West Monica,43778
Christopher Castaneda,728,942 Brown Pike,South Jonathanview,84365
Lance Lee,729,0749 Christian Harbors Apt. 183,Michaelborough,33477
Thomas Brown,730,6593 Williams Station,Port Susan,98945
Anthony Johnson,731,340 Joseph Roads Apt. 648,Davidmouth,06496
Kimberly Monroe,732,5903 Deborah Turnpike,West Craigtown,66610
Chelsea Ruiz,733,825 Hall Canyon,Calhounton,74383
Phillip Campbell,734,77624 Bauer Ford Suite 137,Howardview,27677
William Hill,735,7214 Brady Ways Suite 234,New Robert,89890
Rebekah Griffin,736,43032 Webb Turnpike Apt. 648,Port Kaylatown,95726
Kyle Walker,737,071 Gonzales Oval,Payneside,69026
Beth Phillips,738,53724 Mccann Parkway Suite 698,Natalieview,90040
Nathan Pearson,739,96383 Phillips Oval Apt. 355,East Pamelahaven,63780
Kathy Smith,740,37896 Fuller Plains,Lindamouth,68820
Jamie Smith,741,255 Emily Fall,Adamsside,41739
Austin Spencer,742,6448 Morris Prairie Apt. 956,Judithfurt,17401
Sarah Blair,743,85213 Joseph Court,Hughestown,72207
Doris Melendez DDS,744,921 Jacob Street,Andreafort,57816
Julie Moore,745,774 Melissa Port,North Codychester,59250
Theresa Aguirre,746,99029 Olson Camp,Kimview,42243
Jason Lopez,747,91656 Brenda Groves Suite 939,Lake Rachaelchester,76068
Lisa Aguilar,748,4502 Guzman Street Suite 063,Walkerfort,65206
Annette Williams,749,02197 Reynolds Flat Suite 800,Port Justinmouth,07689
Sarah Sweeney,750,5366 Mahoney Canyon,Lake Kristy,51294
Terry Roberts,751,385 Spence Ridges,Colemanmouth,78434
Luis Bolton,752,176 Mark Well,Port Lori,15660
Richard Manning,753,64565 Arnold Mountain Suite 946,East Maryhaven,37829
Jeffrey Taylor,754,431 Sparks Prairie Suite 897,Port Billyhaven,89769
Melissa Jackson,755,583 Patricia Skyway,South Lindaburgh,69418
Thomas Ramirez,756,8196 Shannon Loop Apt. 243,Raymondborough,89001
Jennifer Golden,757,6098 Rangel Manors,Lisaborough,52303
John Scott,758,792 Jennifer Orchard Apt. 288,Lucastown,24142
Stephanie Wilson,759,31871 Rivera Parks,East Andrewfurt,37270
Adam Palmer,760,13259 Davis Light Apt. 929,East Maryberg,87276
Travis Cooper,761,115 Charles Radial,Port Logan,42846
John Pacheco,762,60398 Nancy Keys,North Keithmouth,28078
Ryan Cervantes,763,704 Jillian Estates Apt. 420,Charlesbury,95664
Joseph Erickson,764,84691 Mcmillan Corner,Lake Kevinside,30589
Anna Ortega DVM,765,7409 Ruiz Course Suite 715,Kevinmouth,22093
Richard Martin,766,501 Todd Corner Suite 467,South Nicole,54996
Alexa Schaefer,767,71634 Willie Key,Bethanychester,34243
Jennifer Garcia,768,0983 Rebecca Island Suite 398,West Caroline,93019
Mrs. Laura Cole,769,990 Donald Rest Apt. 198,Danielborough,10701
Regina Parker,770,729 Tracy Grove,North Andrewport,60244
Ellen Francis,771,197 Brown Terrace Apt. 161,New Ashley,95890
Margaret Pineda,772,2516 Isaac Mountains Apt. 514,East Gregory,72076
Parker Mcbride,773,521 Carol Island Suite 965,Riveramouth,36454
Joshua Arnold,774,786 Donald Oval,Port Justin,23197
Donna Smith,775,920 Hardy Mount,North Amber,08400
Travis Clements,776,83417 Alex Overpass Suite 181,Brownville,22471
Danielle Robinson,777,42137 Walker Village Apt. 700,Gabrielmouth,23163
Lauren Patel,778,535 Jeffery Forge,Lake Christina,87813
David Williams,779,26935 Stephen Plaza,Port Stephen,09006
Alexandra Hunt,780,90804 Gaines Hill,Beverlyview,60425
Kendra King,781,2758 Kimberly Wall Apt. 125,Michellemouth,21448
Rebecca Hensley,782,72924 Nelson Viaduct Suite 716,North Jeffreytown,71090
Edward Fernandez,783,1305 Kara Knolls,Ashleyland,83251
Courtney Wiley,784,27615 Vargas Summit Suite 604,North Troy,26930
Jeremy Silva,785,60621 Bell Creek Suite 159,Huangton,51787
Brian Jackson,786,23623 Curtis Turnpike Apt. 685,South Marcmouth,10319
Lisa Armstrong,787,391 Bryan Roads,Kennethport,07843
Tami Foster,788,2010 Lisa Island Apt. 615,Hernandezborough,14540
Claudia Macdonald,789,567 Williams Port Apt. 640,Port Kathybury,47561
Benjamin Herrera,790,8124 Sheppard River Apt. 815,Samuelshire,20382
Amanda Adams,791,7412 Natalie Mews Apt. 059,North Matthewfort,15820
Jay Frazier,792,02563 Meyer Turnpike Suite 325,Carrieborough,23791
Melissa English,793,84796 Lopez Ford,Walkermouth,34279
Kimberly Levine,794,012 Tanya Ridges Apt. 331,East Peter,19199
Christine Lee,795,83219 Mcgee Light Suite 941,Port Jessicastad,04567
Jennifer Lin,796,4487 Bennett Knolls Suite 850,Mannland,05902
Jeremy Patterson,797,667 Tracey Brook,Richardsonborough,50735
Christopher Frazier,798,85413 Fleming Overpass,New Feliciafurt,99145
Phillip Bates,799,05073 Ramirez Square,Diamondhaven,15607
Erica Young,800,728 Charles Manors Apt. 583,South Katherine,61475
Diane Morse,801,5832 Rios Forest Apt. 408,East Tina,33402
Brian Campos,802,4278 Harris Loaf Suite 366,North Rogerfort,00752
Jamie Adkins,803,4573 Yang Plain,Leeton,41505
Michael Stewart,804,775 Traci Trail Suite 518,East Nicholasfurt,55625
Brian Reid,805,1190 Mahoney Drive Suite 759,Deborahland,01114
Jose Ayers,806,21589 Donald Manors Suite 520,South Charles,15194
April Mathis,807,0723 Hoffman Pine,Randallshire,93346
Cristian Beck,808,24918 Burgess Prairie,Jeffreybury,45027
Elizabeth Patel,809,28333 Cooke Forest Apt. 338,Port Eric,97422
Lee Lee,810,582 Harvey Heights Suite 153,Lake Martha,41907
Dean Mays,811,33360 Eric Fork,North Scott,31333
Bonnie Young,812,2953 Shields Meadow Apt. 149,Gabrielfort,50901
Robert Bond,813,006 Phelps Forks,Melissahaven,04072
Morgan Harris,814,233 Johnson Trail Suite 918,Lake Thomas,89539
Anthony Schultz,815,999 Brown Crossing,New Kayla,82025
Ernest Brown,816,673 Kristen Trail,North Alexander,07462
Mrs. Linda Martinez MD,817,6606 Harris Views,South Mary,30024
Christopher Shannon,818,40322 Andrade Locks,Port Franklinport,67818
James Benson,819,87058 Fisher Divide,South Normafurt,09360
Wayne Blair,820,82892 Taylor Falls,South Mario,16056
Tonya Moreno,821,35209 Kevin Courts Suite 447,Palmermouth,51559
Lisa Reynolds,822,364 Sullivan Plains,Margaretburgh,32025
Danielle Avery,823,3104 Gordon Wells Suite 770,Gonzalezhaven,77921
Lindsey Brock,824,80164 Thomas Wells Apt. 706,East John,29491
Travis Tucker,825,72345 Bradley Vista,West Melissa,98883
Scott Peters,826,35371 Valdez Estate Apt. 855,Ginaport,62535
Pamela Young,827,83166 Melanie Lock Suite 476,Lake Josephville,03588
Jeremiah Smith,828,23775 Phillips Course Apt. 694,Schroederborough,45197
Michelle Jones,829,9661 Shannon Plaza,Lake Amandaton,94691
Stephanie Swanson,830,28874 Garcia Estate Suite 245,Lake Elizabeth,09390
Daniel Stewart,831,95128 Robert Locks,Olsonview,18052
Beverly Brandt,832,978 Williams Circles Suite 324,New Erin,43556
Joseph Martin,833,4686 Tyler Hill,North Rachelmouth,29478
Alexander Woods,834,425 Samuel Unions Apt. 456,Perezville,95888
Lori Butler,835,997 Andrew Locks,South Barbara,03275
Tina Knox,836,12519 Derek Stream Apt. 198,Port Andrew,70941
Judy Anderson,837,71900 Richard Road Suite 958,West Michael,24200
Nicole Hernandez,838,867 Roach Ville,Vanessaville,22998
Richard Rogers,839,3792 Kevin Villages Suite 839,Karenburgh,18086
Alexandria Vega,840,7475 John Lakes,South Kimberly,83989
Lauren Moody,841,44484 Neal Flat,West Danielview,10819
Joshua Mcdonald,842,460 Laura Drive,Aguilarborough,64649
Jessica Curtis,843,585 James Island Suite 783,East Jacobfort,83885
Gerald Parker,844,8459 Tara Shore,Kristinamouth,40482
Alexandra Rivera,845,336 James Station,Trevorburgh,20983
Laura King,846,98889 Gonzalez Light Apt. 951,North Teresa,95241
Jordan Melton,847,38308 Obrien Ferry,South Traviston,59667
Ian Zavala,848,38078 Rodgers Shoals Apt. 287,Richardchester,89633
Jeffrey Johnson,849,160 Christian Parkway,Port Justinhaven,12388
Brandy Price,850,10398 Richard Via,Port Julia,43450
Patricia Rowe,851,71516 King Field,Pughhaven,99013
Linda Jackson,852,70453 Ariana Springs,North Danielle,00579
Linda Wilson,853,256 Kristen Junction,Lake Mitchellburgh,96155
Jose Long,854,8075 Stacey Ridge Apt. 055,New Drew,07446
Mr. Robert Melton,855,65168 Jason Crescent Apt. 127,Elizabethfurt,07464
Yolanda Henderson,856,67878 Bill Drives Apt. 697,Randystad,50474
Michael Smith,857,65109 Romero Streets Apt. 595,South Cheryl,73696
Shannon Smith,858,4818 Bradley Light,Floreschester,87108
Felicia Jackson,859,51399 Lauren Manors,Washingtonburgh,38202
Ronald Mcclain,860,3716 Sullivan Hills Suite 716,Kristinland,25246
Latoya Fleming,861,28308 Jennifer Cove Suite 125,Brianton,59140
Heather Price,862,649 Simmons Trafficway Suite 648,New Debbie,62602
Joshua Haynes,863,5548 Lee Island,Glassburgh,65484
Kara Swanson,864,78345 Lynn Path,Coleport,78214
Carlos Le,865,99534 Bishop Rapid Suite 961,Jenningstown,07064
Travis Harper,866,5266 Melanie Knoll Suite 079,West Desireehaven,25635
Kathy Blankenship,867,975 Anthony Fort Apt. 311,Lake Amy,47872
Nicole Hughes,868,56537 Bryan Ford Suite 278,Lake Derekchester,41083
Shannon Gonzalez,869,1780 Kristi Tunnel,Port Pamelatown,85364
Michelle Martin,870,45225 Delgado Springs Apt. 148,West Wendy,19619
Adam Carter,871,692 Parsons Turnpike,East Stephen,68486
Anthony Gonzalez,872,5428 Hernandez Islands,Allenberg,73779
Patricia Werner,873,580 Patterson Summit Suite 252,South Ericview,75994
Chad Orr,874,45854 Jeremy Circle,Floresstad,71778
Mario Reyes,875,6625 Campbell Island,Annview,08830
James Smith,876,544 Daniel Path,Christianhaven,53127
Sarah Barr,877,208 Pennington Ways,Rickyland,85734
Linda Willis,878,00389 Holland Squares Suite 938,Frederickland,79727
Daniel White,879,96357 Alvarado Forest,New Jeff,31321
Susan Jacobs,880,642 Crystal Camp,Lake Keithberg,10358
Susan Miller,881,91384 Kenneth Greens,North Rickberg,58223
Krista Christian,882,98560 Smith Summit Suite 896,Sarahside,88212
Lisa Hughes,883,89092 Hall Haven Apt. 114,West Elizabethport,33905
Karen Davis,884,3503 Cook Dale Apt. 375,Pagemouth,64005
James Case,885,7956 James Roads Suite 100,Weavermouth,80710
Nicole Marshall,886,799 Green Point Suite 848,East Richardbury,29535
Sandra Cox,887,74800 Mark Prairie,New Thomas,72027
Erica Kent,888,0274 Joseph Field,Powellhaven,95352
Julie Flores,889,6651 Keith Skyway Suite 195,North Marieberg,21043
Randall Hamilton,890,74070 Gregory Locks Suite 294,Annaton,55925
Danny Herrera,891,464 Renee Turnpike Suite 486,Clarkburgh,19102
Kimberly Parks,892,78547 Paul Views Suite 677,New Robinfurt,01218
Louis Hernandez,893,526 Lewis Bridge,New James,19959
Scott Perry,894,916 Donovan Summit Suite 732,North Randyburgh,59872
Terry Snow,895,17148 Wyatt Drive Suite 451,Marieville,83186
Scott Freeman,896,149 Johnson Ports Apt. 601,Stevenchester,41125
Linda Smith,897,05013 Hansen Falls,Shannontown,96296
Robert Hardy,898,464 Sharon Glens,East Heidiburgh,70299
Amber Stephens,899,97692 Lauren Light,South Matthew,45510
Kendra Castillo,900,81466 Christie Forges,North Diane,66043
William Robinson,901,72903 Wilson Mews,Teresabury,96341
Troy Gray,902,27361 Odom Wells Suite 851,Brownbury,08007
Hannah Ford,903,044 Ponce Extensions,Lake Michellefort,30603
Matthew Sanchez,904,92036 Patton Hill Suite 520,Jonesview,03340
Kara Robinson,905,0559 Alexander Lodge,South Maryhaven,50384
Tyler Ward,906,9922 Lynn Flat Suite 358,East Brittanyfort,66473
Kathleen Carlson,907,2559 Andrea Coves Apt. 220,Reynoldsberg,47280
Wendy Ibarra,908,1809 Johnathan Drives,Stewartview,23711
Andrew Turner,909,6032 Horton Ridge Suite 246,West Christopher,28915
Steven Baxter,910,803 Knight View,Villanuevaburgh,35589
William Peck,911,7025 Robert Port Apt. 882,Rodneyland,35535
Alexandra Martinez PhD,912,3035 Mark Place,South Jasonchester,53003
Aaron Hill,913,701 Crystal Knoll Suite 732,Turnerbury,16516
Jeffrey Craig,914,811 Grant Meadow Suite 018,Diazhaven,10300
Craig Turner,915,8468 Gregory Lock Apt. 096,Pughview,17854
Craig Glover,916,8864 Joshua Pines,East Randalltown,67462
Greg Rubio,917,87595 Rachel Ramp Suite 203,Boothport,53025
Andrew Weaver,918,61476 Caitlin Rapids Apt. 795,Lewisbury,15975
Jonathan Madden,919,6693 Foster Mission Apt. 524,Victoriamouth,30658
Joshua Harrison,920,562 Pierce Valleys Apt. 976,East Martinfurt,99388
Nathan Adkins,921,20889 Hale Square,Melissamouth,28361
Jennifer Wheeler,922,3231 Madden Manor,New Anthonyfort,46831
Sue Miller,923,200 James Trail Suite 127,New William,37111
Brooke Schwartz,924,67465 Sweeney Plains Suite 766,Stoneborough,14207
Rick Dunlap,925,38973 Dana Ramp Suite 471,Nicholashaven,47201
Susan Brown,926,814 Trujillo Expressway Suite 416,New Kevin,96524
Regina Wilson,927,89345 Ortiz Shores Apt. 601,West Sonya,40267
Chris Carlson,928,160 James Forks,South Sara,78547
Christopher Sanchez,929,85427 Moreno Gardens Suite 754,South Brianberg,52499
Monique Reyes,930,0582 Jermaine Garden,New Ebony,48687
Tina Allen,931,0142 Kim Hill,Priceview,23769
Anna Williams,932,88190 Rita Club Suite 527,Bakermouth,09822
Robert Mason,933,054 Burgess Turnpike Apt. 192,Lake Dannyland,01458
Ashley Ray,934,89519 Watts Crossing Apt. 662,Smithshire,70677
Rebecca Powell,935,426 Cunningham Fields Suite 653,South Kenneth,78475
Jessica Webster,936,327 Kim Underpass Apt. 946,Lake Rogerville,40455
Matthew Bolton,937,51466 David Heights,South Jonathanberg,06828
Jesse Tapia,938,3398 Rhonda Avenue,Carrollville,92085
Anthony Sullivan,939,425 Smith Isle Suite 458,South Andreafurt,26804
Lisa Flores,940,3250 James Forges Apt. 204,Odonnellmouth,95077
Nicole Riley PhD,941,852 Brian Lodge,Port Michaelside,95361
Teresa Baker,942,299 Perez Bypass Suite 059,South Matthew,09278
David Williams,943,74214 Amanda Run Apt. 940,Poolestad,34256
Desiree Lawson,944,567 Lowery Stravenue Apt. 600,Jasonton,84114
Michael Martinez,945,27955 Martha Wells Apt. 707,New Michael,05907
John Davis,946,88730 Michaela Drive,North Tinatown,66010
Kayla Kim,947,90709 Rita Flat,North Kayla,39209
Michael Davis,948,61432 Angela Shore Suite 885,Lake Biancaport,05435
Melissa Delgado,949,90541 Reese Ferry Apt. 923,New Calebchester,20986
Amy Morales,950,93298 Hall Garden,Jacksonmouth,72487
Richard Cook,951,36162 Wanda Street,Sherritown,20545
Anthony Gonzalez,952,4694 Amy Plain,East Timothyport,22872
Kimberly Garrison,953,88899 Denise Villages,Lake Dustinbury,91530
Barbara Rice,954,9637 Rodriguez Terrace,Port Lindseyville,25038
Bridget Cunningham,955,7615 Andre Route Suite 935,Watkinsshire,45396
Amanda Jackson,956,4696 Lisa Lodge,Aguilarfort,04697
Jacob White,957,40774 Kaiser Gateway,South Valerieton,55486
Nicholas Maldonado,958,577 Jared Place,New Meghanville,99475
Jeremy Bruce,959,07753 Blake Junctions Suite 308,Pittmanburgh,75052
Mackenzie Barrera,960,36165 Rangel Courts,South Andrew,19847
Katherine Taylor,961,34033 Byrd Fords,Jodihaven,12938
Christopher Hood,962,671 Perez Union,East Melissa,35048
Rachel Wilson,963,22643 Crystal Roads,Mitchellbury,01772
Kelly Jimenez,964,32159 Erika Ridge,Josephmouth,42517
Gregory Dixon,965,2019 Derek Islands,Annaton,49176
Kevin Williams,966,1822 Bowman Club,Amyfort,92947
Alexis Parker,967,958 Aaron Stravenue Suite 962,South Bonnie,40855
Timothy Mcdonald,968,5319 Caitlyn Isle Apt. 087,West Brookeburgh,69362
Adam Robbins,969,31981 Galloway Plains Apt. 994,Millerchester,22445
Stephanie Martinez,970,441 Hannah Street,South Melissahaven,42676
Gary Simmons,971,9909 Matthews Prairie,West Sarah,59363
Debra Mitchell,972,941 Greer Lake Apt. 707,Heathburgh,64136
Lisa Macias,973,692 David Village Apt. 189,Webbfort,65506
Barbara James,974,066 Rivera Mountains,East Chloeville,01825
George Morgan,975,879 Carol Roads,South Jody,62148
Dillon Mullins MD,976,85652 Mueller Summit,Bobbyton,96751
Sandra Austin,977,2930 Mcintyre Landing,Port Paul,76523
Yvonne Howard,978,30799 Robbins Harbor,Stevensonstad,58567
Shelly Lloyd,979,749 Lauren Brooks,North Jeffreytown,39868
Henry Garrison,980,1636 Brandon Union Suite 345,Michaelside,54815
Jeremy Vasquez,981,05647 Carter Mall Suite 029,Bowmanside,41034
David Thomas,982,4379 Lawrence Islands,Michaelmouth,66174
Kerry Martinez,983,18982 Jenkins Trail,Port John,66870
Marvin Simmons,984,836 Baker Land,New Sierrabury,61341
Carmen Swanson,985,74680 Mark Path,Michaelburgh,04840
Francisco Martin,986,046 Michael Motorway Apt. 516,Freemanton,53570
Courtney Miller,987,93850 Ronald Plains,Lake Mary,40018
Sarah Gonzalez,988,468 Paul Locks Apt. 394,South Kylemouth,70226
Jill Mcdonald,989,54711 Shepard Gateway,Jonathanchester,86464
Monica Graves,990,6902 Torres Pike Apt. 975,North Karla,65824
Paul Sanchez,991,7587 Deborah Stravenue,Christianland,68308
Sharon Davis,992,880 Victoria Meadow Apt. 028,Ruiztown,26779
Joseph Hudson,993,4050 Holmes Radial Suite 511,Antonioborough,72058
Rhonda Coffey,994,5765 Herman Meadows,West Cynthia,69825
Donna Hatfield,995,1993 Riley Mills,Port Daniel,01563
Mary Martinez,996,666 Francisco Turnpike Suite 346,Marthastad,25020
Brittany Williams,997,7620 Jason Spurs,Hollandborough,96505
Erika Stark,998,84681 Kylie Canyon Suite 309,Valeriestad,30609
Robert Coleman,999,8427 Richardson Pine,Dunnmouth,79947
Carol Mccormick,1000,1062 Autumn Harbors Suite 337,Samuelfurt,56057
Mathew Wright,1001,4558 Brown Via Apt. 132,West Michaelside,26293
