,name,city
0,Big Bird,Fakeville
1,Melody Little,New Glen
2,Jessica Boyd,East Michellefort
3,Cory Garza,West Paulton
4,Ashley Bishop,North Julieshire
5,Patricia Mccann,Danatown
6,Sean Smith,Jonestown
7,Kevin Downs,Port Karenland
8,Elizabeth Fisher,Lake Chelseafurt
9,Jamie Bender,Brianshire
10,Nathan Frazier,New Meredithtown
11,Mary Mendoza,Andersonfort
12,Joan Adams,Mathistown
13,Emily Parsons,Gabriellemouth
14,Greg Hodges,Bryantown
15,Melanie Lynch,Leslieport
16,Bryan Fernandez,Toniview
17,Dennis Whitaker,Lake Jesse
18,Valerie Martin,Prestonbury
19,Danielle George,Port Tamarafurt
20,Robert Bush,South Michelle
21,Luis Brewer,Port Elaineton
22,Melissa Williams,Ryanview
23,Brandon Taylor,Ralphmouth
24,Jennifer Sharp,Lake Alexisburgh
25,Jeremy Edwards,Port Stevenside
26,Cathy Ramirez,Ortegahaven
27,Jennifer Price,Andersenhaven
28,James Mitchell,Lake Matthew
29,Betty Foley,Williamborough
30,Lisa Adams,Port Ronald
31,Laura Wheeler,Barronstad
32,Ashley Gross,Simmonston
33,Emily Carey,East Danielmouth
34,Rebecca Johnson,Ericton
35,Natalie Boyd,Port Katelynville
36,Pamela Miller,North Tammyfurt
37,Donald Gentry,Alejandrashire
38,Teresa Miller,Lake Shelly
39,Alexandra Phillips,Michelleshire
40,Timothy Williams,South Emily
41,Brandy Rodriguez,Karenborough
42,Chase Wilkinson,Russellshire
43,Nicole Koch,Alexanderhaven
44,Dawn Mathis,Toddtown
45,Morgan Cortez,Lake Loribury
46,Matthew Joseph,Lake Willietown
47,Christopher Henry,South Danielburgh
48,Alexandria Jackson,New Nicholas
49,Sara Turner,New Russell
50,Katrina Greene,Jacobshaven
51,Michael Beltran,South Scottberg
52,Carrie Cortez,Wallaceshire
53,Angela Valdez,West Stephenstad
54,Linda Garcia,South Jacqueline
55,Meghan Miller,Port William
56,Joshua Kennedy,West Robintown
57,Barry Lopez,Cartertown
58,Steven Stanley,New Nathan
59,Travis Smith,East Kennethstad
60,Alejandro Horne,Brandonmouth
61,Lauren Rhodes,New Johnland
62,Alexander Harris DDS,West Rachelmouth
63,Rhonda Phillips,South Brandonchester
64,Andrew Young,East Lisa
65,Joseph Jimenez,Ashleyborough
66,John Howell,Stephenland
67,Jessica Cox,North Brianview
68,Steven Hicks,Woodhaven
69,Mrs. Brianna Webb,Bautistaburgh
70,Morgan Serrano,Andreaview
71,Brandon Randall,Shannonmouth
72,Jared Christensen,New Danielton
73,Vicki Kelly,Kelseybury
74,Angela Boyd,Jocelynmouth
75,Mr. Richard Raymond,East Kevinmouth
76,Stephanie Johnson,Gregorymouth
77,Megan Hines,West Stephenhaven
78,Jessica Thompson,North Robertside
79,Danielle Wilson,Mooreside
80,Stephen Hodge,West Kennethton
81,Beverly Rivera,North Ryan
82,Sherry James,Port Billy
83,Alexandra Allen,New Karamouth
84,Bobby Dalton,New Erin
85,Christy Crawford,Racheltown
86,Kyle Peters,Brightshire
87,Evan Thomas,Kirstenport
88,Laurie Lopez,East Ashleyfurt
89,Gregory Baker,Stephanietown
90,Amy Moore,West Jordan
91,Donna Wells,New Arthur
92,Megan Wood,West Johnton
93,John Miller,Lake Sandyfurt
94,Amber Stanley,Adamsfort
95,Stephanie Sellers,Matthewsshire
96,Kim Moore,West Jamiebury
97,Dawn Miller,Amyton
98,Felicia Evans,Port Steven
99,Gabriella Nguyen,Bethfort
100,Brad Bradshaw,Loganbury
101,Kayla Case,West Carlyshire
102,Diane Barrera,Cervantesport
103,Tiffany Hoffman,New Kimberlymouth
104,Leslie Zhang,East Vanessa
105,Harold Turner,East Brittany
106,Donna Mullins,East Eric
107,Elizabeth West,East Austin
108,Chelsey Schwartz,Turnerchester
109,Nancy Anderson,New William
110,Jake Hubbard,Rodriguezville
111,Kevin Bryan,Johnfurt
112,Robert Carter DDS,Jameston
113,Dr. Joseph Lawrence,East Michaelport
114,Paul Jones,Richardstad
115,Jasmine Park,East Nicholeshire
116,Christopher Smith,Marcusbury
117,Jessica Ochoa,West Heatherton
118,Matthew Wilkerson,Lake Justinbury
119,Kathleen Austin,South Carolynland
120,Michael Wilkins,North Courtney
121,Margaret Lane,Stephanieberg
122,Gloria Dixon,Jeffreyberg
123,Steven Ward,Waltersport
124,Timothy Sharp,Marissafort
125,Douglas Weaver,Mariebury
126,Michael Stein,Larryburgh
127,April Conley,South Heatherview
128,Jonathan Osborne,Leemouth
129,Lindsay Stevenson,Burnettbury
130,Christina Peters,Port Adrian
131,Dominique Williams,Andrewmouth
132,Jillian Larson,Mendozabury
133,Kevin Davis,Dakotaburgh
134,Melissa Warren,New Stevenside
135,Daniel Morgan,Tylerburgh
136,Stacey Ford,Port Johnberg
137,Shelby Patton,New Robertmouth
138,Dakota Norman,Port Carriemouth
139,Nicole Willis,Lake Paulburgh
140,Dawn Cortez,North Hannahfurt
141,Dorothy Watson,Port Jenniferview
142,Elizabeth Hamilton,West John
143,Austin Daniel,Bishopshire
144,Todd Brown,South Maurice
145,Zachary Moore,Timothychester
146,Jamie Hernandez MD,New Kennethland
147,Morgan Greer,Nicolehaven
148,Ronald Peterson,New Karaview
149,Alexander Booth,West Jerryville
150,Jessica Patton,Phamside
151,Carla Mccullough,South Zacharyport
152,Phillip Williams,West Jeffrey
153,Francisco Frost,Smithtown
154,Jessica Hicks,Charlesfort
155,Edward Luna,Maldonadotown
156,Amber Davis,Rebeccafurt
157,Matthew Edwards,Jenniferberg
158,Mr. Alex Stewart,Mcgrathchester
159,Erik Jackson,North Toddshire
160,Ethan Ramirez,North Jamesshire
161,Ronald Lawrence,Lauraside
162,William Arroyo,Lake Lori
163,David Wilson,Lake Williamland
164,Kathy Gonzalez,Gonzalezton
165,Lauren Stone,South Christopherburgh
166,Caroline Kaufman,North Bobbyside
167,Eric Potter,New Michael
168,Gary Gonzalez,North Melvinton
169,David Herrera,West Gregorymouth
170,Vanessa Thompson,Gomezside
171,Stacy Stokes,Taylorborough
172,Robert Holmes,Lake Adam
173,Regina Kelly,East Michael
174,Cory Soto,Port Ginatown
175,Kevin Ferguson,East Shannon
176,Laura Noble,Marshallshire
177,Fernando Moreno,New Robertfort
178,Deborah Smith,Heatherborough
179,Michelle Cook,Port Richard
180,Colleen Harding,Sherrihaven
181,Anthony Tran,West Tinaburgh
182,Aaron Gonzalez,Caseyshire
183,Juan Russell,Lake Cindyville
184,Jennifer Myers,Lake Bethanyfurt
185,Ricky Leach,Lake Ashley
186,Nathan Park,Dukeside
187,Micheal Brown,South Emily
188,Mark Chapman,West Kevin
189,Mr. Christopher Mccoy,Port Tammyhaven
190,Brandon Barnes,Stantonhaven
191,Andrea Walker,Aaronberg
192,Ronald Brooks,Lake Kimberly
193,Mrs. Ashley Johnson,New Lisa
194,Cory Mathews,Francoborough
195,Alexandra Franklin,Whitefort
196,Gabrielle Cuevas,West Alejandraberg
197,Michael Lee,North Felicia
198,Bobby Jenkins,East Markchester
199,Mary Miller,Lake Justinville
200,Kevin Maddox,East Lorraineborough
201,Melissa Brennan,Nielsenmouth
202,Emily Wang,Bradtown
203,Robert Baker,Jamesmouth
204,Cynthia Lam,Huangview
205,Diana Wheeler,Lewisstad
206,Joann Cameron,West Toddstad
207,Michael Dixon,New Gregory
208,Kimberly Lamb,New Margaret
209,Daniel Barber,Youngberg
210,Stephanie Casey,Wilsonborough
211,Susan Montgomery,Port Lauraport
212,Sylvia Munoz,Lake Stephanieland
213,Amanda Nelson,West Kimberlyberg
214,David Casey,Nelsonchester
215,Dylan Vasquez,Ramseyside
216,Olivia Baker,West Melindashire
217,April Turner,Port Andreaville
218,Donna Woodward,Andreashire
219,Crystal Lee,Kevinport
220,Donna Jenkins,New Sandraborough
221,Tammy Thomas,North Hectorton
222,Ronald Mendez,Farmerfort
223,Dr. Alexander Pugh,Brianfort
224,Carlos Cowan,New Matthew
225,Joseph Owens,Griffintown
226,Richard Porter,East Savannahtown
227,Edward Mcmillan,Port Michael
228,Scott Jackson,Haroldberg
229,Monica Castaneda,Dakotaview
230,Nichole Webb,Trujilloburgh
231,Kenneth Contreras,Douglasshire
232,Virginia Kelly,Gomezberg
233,Christopher Davis,West Amandafort
234,Christopher Bailey,East Taylorhaven
235,William Jones,Beverlychester
236,Matthew Barber,Mariostad
237,Richard Gardner,Gillespieport
238,Brittney Hamilton,West Stephanie
239,Angela Arroyo,Jamesport
240,Shelby Goodwin,Holmesbury
241,Kathleen Taylor,Katherineland
242,Donna Wood,Stevenmouth
243,Edwin Coleman,East Sethfort
244,Kevin Clark,Lake Brandonmouth
245,Danielle Collier,Phillipsmouth
246,Lori Horton,Jenkinsland
247,Patricia Doyle,Carlfurt
248,Amber Neal,Lake Barbarafort
249,Daniel Li,Amberville
250,James Weiss,Donaldport
251,Tiffany Ellis,Fryeview
252,Daniel Villanueva,East Emilyview
253,Wesley Swanson,North Steven
254,Arthur Brown,Colemanfurt
255,Tonya Griffin,Josephhaven
256,Howard Anderson,Collinsland
257,Andrew Ramos,New Thomas
258,Susan Alexander,South Billy
259,David Williams,Jonathanside
260,Tracey Vasquez,South Andreahaven
261,Veronica Spencer,South Sarahberg
262,Dominique Lopez,West Robert
263,Jennifer Conner,Perryhaven
264,Kevin Lewis,Lake Tyler
265,Jacob Larson,Port Karen
266,Richard Howell,Brownfort
267,Brandon Walker,Lake Phillip
268,Jenna Stewart,Port Janiceberg
269,Christopher Cook,Lake Johnport
270,Pamela Walsh,Port Jeffreymouth
271,Rebecca Hansen,West Victoriamouth
272,Adam Torres,Hinesfurt
273,Christopher Harper,West Staceymouth
274,Chad Lee,Jodibury
275,Justin Walsh,Tylertown
276,Connie Dean,Port Stephen
277,Andrew Arellano,Lopezfort
278,Pamela Myers,Port Tyler
279,Michelle Carroll,Port Donnamouth
280,Deborah Acevedo,Kevinside
281,Mark Martinez,Ninaview
282,Alan Salazar,Port Reginaldland
283,Lindsay Ochoa,South Sarahfurt
284,Bobby Ford,Gonzalezshire
285,Richard Soto,Robinsonburgh
286,Colton Mullins,East Carlabury
287,Eric Everett,New Roberthaven
288,Sarah Tucker,Karenburgh
289,Gary Welch,North Javiermouth
290,Melissa Smith,Richardberg
291,Jeremy Farmer,North Kathleentown
292,Sandra Goodwin DVM,Osborneside
293,Thomas Saunders,Sarahchester
294,Marilyn Reese,West Jeffreychester
295,Megan Lin,Brewerhaven
296,Sue Thompson,Margaretmouth
297,Dominic Rogers Jr.,Kellerland
298,Jason Alvarez,New Jill
299,Tina Barron,Charleshaven
300,Stephen Smith,South Robert
301,Richard Jackson,Burkehaven
302,Mark Howard,Myershaven
303,Frances Williams,Lake Cassandrabury
304,Keith Taylor,Jenniferland
305,Amber Kramer,Wongfurt
306,Donna Wilson,New Julieville
307,Luke Sanchez,Ellisfurt
308,Sara Green,West Jacob
309,Vickie Gentry,West Williammouth
310,Craig Reese,Loweland
311,David Vaughn,Cassandrabury
312,Joel Martin MD,Cohenbury
313,Corey Woods,East Williamton
314,Cameron Young,Leetown
315,Javier Fry,Katherinemouth
316,Matthew Ward,Ellisville
317,Dillon Roberson,Lake Christinafurt
318,Kaitlyn White,Jessicafurt
319,Jeremy Mcconnell,Mejiahaven
320,Steven Pope,Hammondberg
321,Victoria Moore,Michellemouth
322,Melissa Fuller,Jessicaborough
323,Teresa Boone,Lake Geraldfort
324,Andrew French,Williamsmouth
325,Steven Cannon,North Danielfurt
326,Brian Mcdaniel,Montgomeryshire
327,Joshua Davis,Dixonfort
328,Maria Howe,Bryanton
329,Kathleen Fernandez,Rayfurt
330,Patricia Smith,Lindaburgh
331,Christopher Benson,Rothmouth
332,Robert Smith,Christinaview
333,Reginald Douglas,New Ryanview
334,Kelsey Rodriguez,Jonesland
335,Roger Salinas,East Fernandomouth
336,Andrea Carroll,Cortezborough
337,Dr. Donna Rose,Cortezhaven
338,Chelsea Small,South Valerie
339,Chad Flores,New Bruce
340,Jill Anderson,South Keith
341,Gary Perkins,Martinezberg
342,Michael Joseph,Katieburgh
343,Nancy Garcia,South Jennifer
344,Jessica Davis,New Nancy
345,Wendy Johnson,West Devinborough
346,Thomas Kennedy,North Rachelmouth
347,Jessica Hughes,Thompsonport
348,Thomas Meyer,North Michaelchester
349,Donna Zamora,Stephenfurt
350,Jessica Crawford,Josephstad
351,Edgar Singh,Doughertyside
352,Kerry Herrera,South Richard
353,Cassandra Martin,Davidland
354,Nathan Bradley,New Donaldberg
355,Misty Ashley,Port Joshuaside
356,Jeffrey Reid,Deannaview
357,Alexandra Black,West Ryan
358,Keith Cervantes,East Mary
359,Wendy Molina,Davidbury
360,Brittany Castillo,Travisfort
361,Marissa Reid,Michaelstad
362,Pamela Houston,West Ericland
363,Lauren Schmidt,Lake Johnfort
364,Dr. Joseph Clark PhD,Bridgetbury
365,Elizabeth Harmon,Christopherton
366,Janet Tucker,Port Christineberg
367,Robert Cooper,Port Samantha
368,Mariah Davis,New Amberberg
369,Anthony Young,Johnview
370,Gabriela Caldwell,Lake Haleyview
371,Aaron Brown,Anthonyshire
372,Courtney Graham,Mooreberg
373,Gabriela Grant,New Lisaside
374,Barbara Howard,New Haleybury
375,William Castillo,Justinfort
376,Stephen Wells,North Kennethstad
377,Aaron Macdonald,Devonview
378,Autumn Davis,Nathanieltown
379,Thomas Ballard,Fraziershire
380,Kathleen Butler,Lake Jonathanchester
381,Debbie Walls,East Kennethfort
382,Joyce Wong,Contrerashaven
383,Jasmine Cooper,Brianton
384,Jocelyn Richards,Jenniferfort
385,Brandi Jones,Campbellfurt
386,Jonathan Robinson,Lake Whitney
387,Beverly Hamilton,Paulafurt
388,Matthew Simon,Kristachester
389,Catherine Adams,Douglasmouth
390,Heather Marsh,Morganshire
391,Erika Rodriguez,New Sheri
392,Victoria Myers,South Shelley
393,Gabriel Murray,Daniellefort
394,Brianna Schneider,South Tiffanyville
395,Steven Mack,Karenberg
396,Roberto Avery,Victoriafort
397,Kayla Parker,Hickmanton
398,Jose West,West Brian
399,Michelle Jones,Rubenhaven
400,Christopher Sellers,North David
401,Andrew Scott,New Oscarfort
402,Joshua Hernandez,Nathanmouth
403,Sheri Stewart,Port Abigailhaven
404,Dakota Sanders,Lake Melissa
405,Samuel Williams,North Brian
406,Clayton Hill,Lake Johnland
407,Kelly Sullivan,Evansfurt
408,Elizabeth Miller,West Marissamouth
409,Tara Miller,Jacobview
410,Jennifer Jones,Darrylmouth
411,Karl Anderson,Wilkinsonborough
412,Katherine Tate,Robertsmouth
413,Daniel Munoz,Lake Aaronborough
414,Richard Washington,North Travis
415,Robert Hernandez DVM,Jaredville
416,Tina Nunez,West Pamelaside
417,Timothy Beasley,Matthewberg
418,Nicholas Calderon DVM,South Alexander
419,Erin Byrd,Ryanview
420,Lauren Crawford,North Richard
421,Hunter Phillips,Waltertown
422,Sherri Phillips,New Isabella
423,Jacob Barber,Lake Christopher
424,Robert Watson,Port Davidville
425,Megan Hamilton,Hallshire
426,Brittney Torres,Lake Markton
427,Mark Mosley,Rachelhaven
428,Kaitlyn Wells,Port Douglas
429,Ebony Mcbride,South Jessica
430,Clinton Castillo,North Sandra
431,Mary Mitchell,West Yeseniabury
432,Willie Lynch,South Richardton
433,Melissa Gibson,Robinland
434,Patrick Snyder,Samuelstad
435,Nicole Becker,North Joseph
436,Richard Curtis,Johnsonmouth
437,Angela Roth,Robertton
438,Carla Wiggins,Gonzalesborough
439,Ashley Jensen,West Kathyfort
440,Lori Simpson,Nicholasport
441,Vernon Garcia,West Erinfurt
442,Mrs. Tiffany Scott,Coopershire
443,Roberta Collins,Collierland
444,Christopher Nguyen,Reginamouth
445,Jamie Oliver,Dawnport
446,William Gomez,Melissaland
447,William Estrada MD,Jeffreyview
448,Peter Terry,New Elizabeth
449,Daniel Romero,East Nathanshire
450,Alexis Ross,Adkinsland
451,Morgan Hampton,South Andrew
452,Brenda Walker,Leonfort
453,Stuart Branch,Petersonland
454,Juan Nixon,Marcomouth
455,Evan Tyler,Port Philipville
456,Anne Wheeler,Sarahton
457,John Carney,West Veronica
458,Jesse Herring,Summersshire
459,Daniel Williams,Port Larryhaven
460,Kayla Cook,East Ericbury
461,Suzanne Hernandez,New Ryanbury
462,Brent Whitaker,Wilkinsonland
463,Kristin Martinez,Michelleport
464,Jacob Miller,Nelsonshire
465,Aimee Berry,Hollyfort
466,Lauren Shea,Lake Angela
467,Bradley Parker,Port Janice
468,Tara Martinez,Scottberg
469,Samuel Castro,Anitamouth
470,Angela Evans,Lake Michael
471,Jason Evans,Kennethhaven
472,John Mercado,New Tony
473,Philip Garrett,East Kimberly
474,Autumn Roberts,West Jessica
475,Patricia Wilson,South Robert
476,Emily Griffin,New Chelseaborough
477,Keith Reyes,New Susanshire
478,Brittney Ruiz,North Jacobchester
479,Heidi Harper,Ryanfurt
480,Michael Weaver,Davidview
481,Donna Vaughn,Jamesstad
482,Jeffery Wheeler,North Karenhaven
483,Joseph Williams,Port Amy
484,Jordan Tapia DVM,New Matthew
485,Andrea Mckinney,New Williamton
486,Joseph Macdonald,Andrewberg
487,Jordan Johnson,Moralesshire
488,Steven Bennett,North Markberg
489,Holly Lewis,Cynthiaview
490,Stephen Sampson,North Aaron
491,Shannon Flores,New Angelaville
492,Monica Poole,South Courtneyside
493,Roger Bishop,East Ashley
494,Amanda Ellis,South Scott
495,Richard Martinez,Mccarthyfurt
496,Christina Scott DDS,Davisside
497,Karen Woods,Edwinmouth
498,Jamie Martin,North Mark
499,Kelsey Moore,Port Joshua
500,Erika Rodriguez,East Cynthia
501,Glenda Jackson,South Mary
502,Emily Moore,Stevenborough
503,Adam Henderson,Millermouth
504,Rebecca Yates,Ethanland
505,Rick Silva,West Christopher
506,Ryan Mitchell,North Maria
507,Natasha Bullock,Mcdonaldshire
508,Arthur Baker,North Johnstad
509,Matthew Hale,West Nathan
510,Jasmine Bailey,Boydton
511,Ebony Lopez,Thompsonfurt
512,Jamie Jones,Lake Ericamouth
513,Yolanda Wilson,South Amanda
514,Colleen George,New Jason
515,Sierra Brown,New William
516,Miss Tracey Hill,South Christopher
517,Karen Mckee,Megantown
518,Erin Rangel,West Marcustown
519,Christopher Ramos,West Andrealand
520,Erin Smith,New Kylemouth
521,Felicia Blair,West Traci
522,Alexandra Henderson,Lake Andrewchester
523,Michael Jones,Garrisonburgh
524,Julie Barrera,South Amandaborough
525,Carmen Chambers,East Michaelhaven
526,Sabrina Lewis,Jordanfort
527,Kim Adams,Port Michelle
528,Christopher Powell,Browningshire
529,Stephanie Hart,North Katherine
530,Laura Horton,North Brianborough
531,Misty Graham DDS,Armstrongview
532,Jennifer Harris,Port Mariabury
533,Jessica Flores,Wendyside
534,Donna Gomez,Mooreberg
535,Jeffery Blankenship,South Carla
536,Brian Johnson,East Devinborough
537,Sydney Mendez,Janeview
538,Susan Odom,South Sydneyview
539,Brian Lewis,Davismouth
540,Michael Hernandez,West Micheleland
541,Steve Smith,New Alexandertown
542,Andrew Davis,Garciaton
543,Shannon White,Gloverville
544,Alexander Stewart,Rogersberg
545,Beth Knox,Malonemouth
546,Margaret Stewart,South Carl
547,Lisa Waller,Lake Timothyfurt
548,Matthew Bass,Lake Williamberg
549,Johnny Cook,New Robertburgh
550,Jordan Morris,South Megan
551,Charles Harrington,South Samanthahaven
552,William Gonzalez,West Lori
553,Robert Chapman,Port Sherry
554,Jacqueline Cooper,South Lesliemouth
555,James Moore,Lake Michael
556,James Thomas,Coryborough
557,Sandra Fields,Sloanberg
558,Oscar Roberts,Shepherdchester
559,Matthew Moss,South Jamie
560,Aaron Gross,South Regina
561,Kimberly Duffy,Aprilborough
562,Tamara White,Johnsonfort
563,Angela Hatfield,Timothyshire
564,Richard Robinson,East Casey
565,Isabella Kim,Lake Vanessaborough
566,Bridget Aguilar,Mooremouth
567,Kelly Cisneros,North Adamtown
568,Wendy Young,Christinabury
569,Troy Jones,South Joshua
570,Melissa Wright,Alexside
571,Benjamin Rivera,South Davidport
572,Matthew Lynch,Carrollstad
573,Ryan Jones,Kimberlyland
574,Wendy Hayes,North Jeremiah
575,Brian Wood,North Andreshire
576,John Fletcher,Laurenchester
577,Gary Higgins,Bradland
578,Abigail Myers,Brownmouth
579,John Robinson II,Lisaville
580,Michelle Herrera,Shannonshire
581,Carla Stephens,South Meganhaven
582,Ashley Craig,Port Rebecca
583,Michelle Miller,Port Donna
584,Stephanie Oconnell,Gregoryberg
585,Tyler Morris,South Bettybury
586,Hannah Zimmerman,East Kimberlytown
587,Brandon Reed,Lake Tanya
588,Crystal Wright,New Tony
589,Mark Roberts,North Gloriahaven
590,Matthew Hunter,South Amandaview
591,Kenneth Cook,East Kennethland
592,Brian Duran,Grantberg
593,Jonathan Hutchinson,North Thomas
594,Sue Brewer,Lake Josephborough
595,Danielle Lewis,Lake Colinhaven
596,Corey Acevedo,Shafferside
597,Holly Brock,Lake Stephen
598,Kathryn Perez,Danielview
599,Peter Walsh,Sheliaville
600,Christine Davis,North Kelly
601,Jonathan Murphy,North Jenniferton
602,Andrew Short,Snyderburgh
603,Cynthia Mcguire,Richardsonmouth
604,Jeffery Mcdonald,Jessefort
605,Heather Hogan,Lake Haley
606,Frank Stewart,Timothychester
607,Jack Cox,South Tiffany
608,Christine Hobbs,Jeffreyberg
609,Matthew Strickland,Port Rebecca
610,Paul Sanders,West Bridget
611,Jessica Taylor,Kellyview
612,Donna Charles,North Claudia
613,Joseph Wilson,South Monicaberg
614,Andrew Myers,Port Carol
615,Melanie Anderson,East John
616,Mr. Jacob Morris,Tylerburgh
617,Scott Mcfarland,Micheleland
618,Stephen Fox,Dianamouth
619,Christine Wilson,East Carolyn
620,Karen Thompson,Port Catherine
621,Victoria Johnson,Baileymouth
622,Gregory Curtis,Port Gregorychester
623,Jasmine Cunningham,Williamsville
624,Alan Anderson,Lake Gregoryview
625,Emily Smith,Emilyshire
626,Jeffery Johnson,Johnsonhaven
627,Amy Simmons MD,Salazarburgh
628,Matthew Long,East Raymond
629,Martin Henry,Amandashire
630,Teresa Torres,North Codyhaven
631,James Hansen,Karenside
632,Kayla Reilly,Lewishaven
633,Timothy Carter,Marshallfort
634,Richard Munoz,North Rhonda
635,Marie Mendoza,West Jamesfort
636,Shirley Miller,New Lisastad
637,Allison Webb,Lunamouth
638,Bernard Williams,Thomasfort
639,Erica Hernandez,Ballside
640,Eric Mcbride,East Oscarland
641,Jennifer Fischer,Matthewfurt
642,Richard Duncan,Curryfurt
643,Leonard Park,West Courtney
644,Mr. Charles Mooney Jr.,Port Carolfurt
645,Brian Barron,Piercemouth
646,Anthony Brown,West Ronald
647,Alexandra Garcia,Port Aaronshire
648,Jessica Barry,New Jonathan
649,Phillip Lowe,Port Nathanchester
650,Nicole Johnson,North Erika
651,Gabriela Smith,Loriville
652,Robin Thompson MD,Darrenmouth
653,Jason Carter,New Jacquelinemouth
654,Danielle Li,Sophiastad
655,Teresa Gibson,North Ann
656,Richard Dillon,Lake Jonathanfort
657,Mark Ray,Michelleburgh
658,Joseph Hughes,Thomasside
659,Jean Hernandez,Scottmouth
660,Jeffrey Gomez,Willisville
661,Michael Brown,Brookemouth
662,Edward Nicholson,South Elizabeth
663,Adam Ward,Wheelerbury
664,Jeffrey Perez,Josehaven
665,Paul Baxter,Lake Claire
666,Sydney Dixon,New Douglaston
667,Melinda Davis,Valentineland
668,Patrick King,Jenkinsstad
669,Mrs. Christina Rojas,North Timothybury
670,Lisa Davis,Hamiltonfort
671,Samantha Johnson,Joshuafurt
672,Steven Hansen,Hickmanmouth
673,Michael Andrews,Lake Stevenside
674,Darrell Alexander,East Chad
675,Brooke Navarro,New Meganburgh
676,Mr. Jason Strong,West Meagan
677,Roy Simmons,Allisonmouth
678,Barbara Hart,Mileston
679,Caleb Gonzalez,New Jessicastad
680,Timothy Petty,Lake Kevinfort
681,Patricia Garcia,New Logan
682,Joshua Richard,Lake Veronica
683,Shelby Myers,Sheenaborough
684,Katherine Benton,East Rebecca
685,Steven Smith,Berrychester
686,Omar Tran,East Jasmineland
687,Kathryn Morgan,South Ericbury
688,Jay Stewart,Watsonfort
689,Kevin Mendez,Wilsonville
690,Jennifer Hickman,Juanfurt
691,Donald Morgan,Lake Tara
692,Candice Russell,Carlsonview
693,Craig Kelley,New Victorialand
694,Gregory Torres,Lake Tonya
695,Brian Bailey,North Jeffreytown
696,Jeffrey White,Kleinport
697,Ann Moody,West Anthony
698,Jennifer Benson,Gonzalezhaven
699,Daniel Snyder,North Jerry
700,Chad Snyder,Briannamouth
701,Joe Harris,Stacybury
702,Kevin Mcgee,South Davidport
703,Hannah Pratt,Scottborough
704,Jacqueline Krueger,North Kenneth
705,David Jordan,Port Kellyview
706,Nathaniel Holmes,Patrickside
707,Amanda Martinez,Dawnshire
708,Matthew Barnes,South Stephenfort
709,Parker Wheeler,Lake Kristen
710,Nicole Anderson,New Jessica
711,Gary Stewart,Elizabethside
712,Joseph Bentley,North Rachelhaven
713,John Garcia,Ronaldborough
714,Christine Keller,Crystalburgh
715,Karen Kirk,Bradytown
716,Jaclyn Mcclain,Courtneyborough
717,Donald Perez,Lake Faithfort
718,Angela Willis,Gomezmouth
719,Christopher Boone,West Paulmouth
720,Samantha Powell,Monicastad
721,Victoria Perry,South Frank
722,Zoe Williams,South Johnny
723,Peggy Chung,Jasonside
724,Brittany Rodriguez,Watersville
725,Lauren Rivera,South Cynthia
726,Ryan Carter,West Monica
727,Christopher Castaneda,South Jonathanview
728,Lance Lee,Michaelborough
729,Thomas Brown,Port Susan
730,Anthony Johnson,Davidmouth
731,Kimberly Monroe,West Craigtown
732,Chelsea Ruiz,Calhounton
733,Phillip Campbell,Howardview
734,William Hill,New Robert
735,Rebekah Griffin,Port Kaylatown
736,Kyle Walker,Payneside
737,Beth Phillips,Natalieview
738,Nathan Pearson,East Pamelahaven
739,Kathy Smith,Lindamouth
740,Jamie Smith,Adamsside
741,Austin Spencer,Judithfurt
742,Sarah Blair,Hughestown
743,Doris Melendez DDS,Andreafort
744,Julie Moore,North Codychester
745,Theresa Aguirre,Kimview
746,Jason Lopez,Lake Rachaelchester
747,Lisa Aguilar,Walkerfort
748,Annette Williams,Port Justinmouth
749,Sarah Sweeney,Lake Kristy
750,Terry Roberts,Colemanmouth
751,Luis Bolton,Port Lori
752,Richard Manning,East Maryhaven
753,Jeffrey Taylor,Port Billyhaven
754,Melissa Jackson,South Lindaburgh
755,Thomas Ramirez,Raymondborough
756,Jennifer Golden,Lisaborough
757,John Scott,Lucastown
758,Stephanie Wilson,East Andrewfurt
759,Adam Palmer,East Maryberg
760,Travis Cooper,Port Logan
761,John Pacheco,North Keithmouth
762,Ryan Cervantes,Charlesbury
763,Joseph Erickson,Lake Kevinside
764,Anna Ortega DVM,Kevinmouth
765,Richard Martin,South Nicole
766,Alexa Schaefer,Bethanychester
767,Jennifer Garcia,West Caroline
768,Mrs. Laura Cole,Danielborough
769,Regina Parker,North Andrewport
770,Ellen Francis,New Ashley
771,Margaret Pineda,East Gregory
772,Parker Mcbride,Riveramouth
773,Joshua Arnold,Port Justin
774,Donna Smith,North Amber
775,Travis Clements,Brownville
776,Danielle Robinson,Gabrielmouth
777,Lauren Patel,Lake Christina
778,David Williams,Port Stephen
779,Alexandra Hunt,Beverlyview
780,Kendra King,Michellemouth
781,Rebecca Hensley,North Jeffreytown
782,Edward Fernandez,Ashleyland
783,Courtney Wiley,North Troy
784,Jeremy Silva,Huangton
785,Brian Jackson,South Marcmouth
786,Lisa Armstrong,Kennethport
787,Tami Foster,Hernandezborough
788,Claudia Macdonald,Port Kathybury
789,Benjamin Herrera,Samuelshire
790,Amanda Adams,North Matthewfort
791,Jay Frazier,Carrieborough
792,Melissa English,Walkermouth
793,Kimberly Levine,East Peter
794,Christine Lee,Port Jessicastad
795,Jennifer Lin,Mannland
796,Jeremy Patterson,Richardsonborough
797,Christopher Frazier,New Feliciafurt
798,Phillip Bates,Diamondhaven
799,Erica Young,South Katherine
800,Diane Morse,East Tina
801,Brian Campos,North Rogerfort
802,Jamie Adkins,Leeton
803,Michael Stewart,East Nicholasfurt
804,Brian Reid,Deborahland
805,Jose Ayers,South Charles
806,April Mathis,Randallshire
807,Cristian Beck,Jeffreybury
808,Elizabeth Patel,Port Eric
809,Lee Lee,Lake Martha
810,Dean Mays,North Scott
811,Bonnie Young,Gabrielfort
812,Robert Bond,Melissahaven
813,Morgan Harris,Lake Thomas
814,Anthony Schultz,New Kayla
815,Ernest Brown,North Alexander
816,Mrs. Linda Martinez MD,South Mary
817,Christopher Shannon,Port Franklinport
818,James Benson,South Normafurt
819,Wayne Blair,South Mario
820,Tonya Moreno,Palmermouth
821,Lisa Reynolds,Margaretburgh
822,Danielle Avery,Gonzalezhaven
823,Lindsey Brock,East John
824,Travis Tucker,West Melissa
825,Scott Peters,Ginaport
826,Pamela Young,Lake Josephville
827,Jeremiah Smith,Schroederborough
828,Michelle Jones,Lake Amandaton
829,Stephanie Swanson,Lake Elizabeth
830,Daniel Stewart,Olsonview
831,Beverly Brandt,New Erin
832,Joseph Martin,North Rachelmouth
833,Alexander Woods,Perezville
834,Lori Butler,South Barbara
835,Tina Knox,Port Andrew
836,Judy Anderson,West Michael
837,Nicole Hernandez,Vanessaville
838,Richard Rogers,Karenburgh
839,Alexandria Vega,South Kimberly
840,Lauren Moody,West Danielview
841,Joshua Mcdonald,Aguilarborough
842,Jessica Curtis,East Jacobfort
843,Gerald Parker,Kristinamouth
844,Alexandra Rivera,Trevorburgh
845,Laura King,North Teresa
846,Jordan Melton,South Traviston
847,Ian Zavala,Richardchester
848,Jeffrey Johnson,Port Justinhaven
849,Brandy Price,Port Julia
850,Patricia Rowe,Pughhaven
851,Linda Jackson,North Danielle
852,Linda Wilson,Lake Mitchellburgh
853,Jose Long,New Drew
854,Mr. Robert Melton,Elizabethfurt
855,Yolanda Henderson,Randystad
856,Michael Smith,South Cheryl
857,Shannon Smith,Floreschester
858,Felicia Jackson,Washingtonburgh
859,Ronald Mcclain,Kristinland
860,Latoya Fleming,Brianton
861,Heather Price,New Debbie
862,Joshua Haynes,Glassburgh
863,Kara Swanson,Coleport
864,Carlos Le,Jenningstown
865,Travis Harper,West Desireehaven
866,Kathy Blankenship,Lake Amy
867,Nicole Hughes,Lake Derekchester
868,Shannon Gonzalez,Port Pamelatown
869,Michelle Martin,West Wendy
870,Adam Carter,East Stephen
871,Anthony Gonzalez,Allenberg
872,Patricia Werner,South Ericview
873,Chad Orr,Floresstad
874,Mario Reyes,Annview
875,James Smith,Christianhaven
876,Sarah Barr,Rickyland
877,Linda Willis,Frederickland
878,Daniel White,New Jeff
879,Susan Jacobs,Lake Keithberg
880,Susan Miller,North Rickberg
881,Krista Christian,Sarahside
882,Lisa Hughes,West Elizabethport
883,Karen Davis,Pagemouth
884,James Case,Weavermouth
885,Nicole Marshall,East Richardbury
886,Sandra Cox,New Thomas
887,Erica Kent,Powellhaven
888,Julie Flores,North Marieberg
889,Randall Hamilton,Annaton
890,Danny Herrera,Clarkburgh
891,Kimberly Parks,New Robinfurt
892,Louis Hernandez,New James
893,Scott Perry,North Randyburgh
894,Terry Snow,Marieville
895,Scott Freeman,Stevenchester
896,Linda Smith,Shannontown
897,Robert Hardy,East Heidiburgh
898,Amber Stephens,South Matthew
899,Kendra Castillo,North Diane
900,William Robinson,Teresabury
901,Troy Gray,Brownbury
902,Hannah Ford,Lake Michellefort
903,Matthew Sanchez,Jonesview
904,Kara Robinson,South Maryhaven
905,Tyler Ward,East Brittanyfort
906,Kathleen Carlson,Reynoldsberg
907,Wendy Ibarra,Stewartview
908,Andrew Turner,West Christopher
909,Steven Baxter,Villanuevaburgh
910,William Peck,Rodneyland
911,Alexandra Martinez PhD,South Jasonchester
912,Aaron Hill,Turnerbury
913,Jeffrey Craig,Diazhaven
914,Craig Turner,Pughview
915,Craig Glover,East Randalltown
916,Greg Rubio,Boothport
917,Andrew Weaver,Lewisbury
918,Jonathan Madden,Victoriamouth
919,Joshua Harrison,East Martinfurt
920,Nathan Adkins,Melissamouth
921,Jennifer Wheeler,New Anthonyfort
922,Sue Miller,New William
923,Brooke Schwartz,Stoneborough
924,Rick Dunlap,Nicholashaven
925,Susan Brown,New Kevin
926,Regina Wilson,West Sonya
927,Chris Carlson,South Sara
928,Christopher Sanchez,South Brianberg
929,Monique Reyes,New Ebony
930,Tina Allen,Priceview
931,Anna Williams,Bakermouth
932,Robert Mason,Lake Dannyland
933,Ashley Ray,Smithshire
934,Rebecca Powell,South Kenneth
935,Jessica Webster,Lake Rogerville
936,Matthew Bolton,South Jonathanberg
937,Jesse Tapia,Carrollville
938,Anthony Sullivan,South Andreafurt
939,Lisa Flores,Odonnellmouth
940,Nicole Riley PhD,Port Michaelside
941,Teresa Baker,South Matthew
942,David Williams,Poolestad
943,Desiree Lawson,Jasonton
944,Michael Martinez,New Michael
945,John Davis,North Tinatown
946,Kayla Kim,North Kayla
947,Michael Davis,Lake Biancaport
948,Melissa Delgado,New Calebchester
949,Amy Morales,Jacksonmouth
950,Richard Cook,Sherritown
951,Anthony Gonzalez,East Timothyport
952,Kimberly Garrison,Lake Dustinbury
953,Barbara Rice,Port Lindseyville
954,Bridget Cunningham,Watkinsshire
955,Amanda Jackson,Aguilarfort
956,Jacob White,South Valerieton
957,Nicholas Maldonado,New Meghanville
958,Jeremy Bruce,Pittmanburgh
959,Mackenzie Barrera,South Andrew
960,Katherine Taylor,Jodihaven
961,Christopher Hood,East Melissa
962,Rachel Wilson,Mitchellbury
963,Kelly Jimenez,Josephmouth
964,Gregory Dixon,Annaton
965,Kevin Williams,Amyfort
966,Alexis Parker,South Bonnie
967,Timothy Mcdonald,West Brookeburgh
968,Adam Robbins,Millerchester
969,Stephanie Martinez,South Melissahaven
970,Gary Simmons,West Sarah
971,Debra Mitchell,Heathburgh
972,Lisa Macias,Webbfort
973,Barbara James,East Chloeville
974,George Morgan,South Jody
975,Dillon Mullins MD,Bobbyton
976,Sandra Austin,Port Paul
977,Yvonne Howard,Stevensonstad
978,Shelly Lloyd,North Jeffreytown
979,Henry Garrison,Michaelside
980,Jeremy Vasquez,Bowmanside
981,David Thomas,Michaelmouth
982,Kerry Martinez,Port John
983,Marvin Simmons,New Sierrabury
984,Carmen Swanson,Michaelburgh
985,Francisco Martin,Freemanton
986,Courtney Miller,Lake Mary
987,Sarah Gonzalez,South Kylemouth
988,Jill Mcdonald,Jonathanchester
989,Monica Graves,North Karla
990,Paul Sanchez,Christianland
991,Sharon Davis,Ruiztown
992,Joseph Hudson,Antonioborough
993,Rhonda Coffey,West Cynthia
994,Donna Hatfield,Port Daniel
995,Mary Martinez,Marthastad
996,Brittany Williams,Hollandborough
997,Erika Stark,Valeriestad
998,Robert Coleman,Dunnmouth
999,Carol Mccormick,Samuelfurt
1000,Mathew Wright,West Michaelside
